problem_no,sub_id,stem,correct,explanation
101-1,1,株式とは金融商品取引法で定める有価証券である。,FALSE,金融商品取引法では「株券」が有価証券として定義されています。
101-1,2,有価証券に化体された不動産とは、有価証券のキャッシュフローに依存して決まる財産的価値に対する請求権を不動産の形に変えた、という意味である。,FALSE,説明が逆です。不動産の持つ価値やキャッシュフローを源泉として、有価証券の形に変えることを指します。
101-1,3,特別法人は単にvehicleと呼ばれることがある。,TRUE,はい、不動産証券化の器（うつわ）として機能するため、乗り物や媒体を意味する「ビークル（vehicle）」と呼ばれます。
101-1,4,不動産証券化とは、特別法人が不動産証券化商品を発行しそれを投資家に販売すること、ということもできる。,TRUE,その通りです。不動産から生じる収益を裏付けとした証券を発行し、投資家に販売する仕組みが不動産証券化の基本です。
101-1,5,証券投資信託も不動産ファンドと同じようにファンドを利用した集団投資商品の一種である。,TRUE,はい、どちらも多くの投資家から資金を集めて専門家が運用する「ファンド」という形態をとる集団投資商品です。
101-2,1,企業の価値向上のための原則においては、株主が企業の外に持っている投資機会が企業の内部で行う投資の基準になる。,TRUE,株主が期待するリターン（ハードル・レート）を上回る投資を企業が行うことで、企業価値が向上すると考えられます。
101-2,2,企業の資金調達には、企業が金融資産を売り出すという側面がある。,TRUE,株式や社債の発行は、投資家から見れば金融資産の購入であり、企業にとっては資金調達の手段です。
101-2,3,ダイベストメント(divestment)は投資(investment)と同じく拡大型企業戦略である。,FALSE,ダイベストメントは、事業や資産を売却する「縮小型」の企業戦略です。
101-2,4,他の資産に比べて、オンバランス賃貸不動産の資産の効率性（回転率）は高いが、そのマージン（税引き後営業利益率）は非常に低い、という傾向がある。,FALSE,一般的に、不動産は資産回転率が低い一方、利益率は高い傾向にあります。
101-2,5,現在日本では、不動産証券化は企業の資金調達のためだけを目的として行われる。,FALSE,資金調達だけでなく、資産のオフバランス化による財務体質の改善や、企業価値向上（CRE戦略）のためにも活用されます。
103-4,1,ストック社会への変化の中で、不動産をより良好な状態で維持し、キャッシュフローや不動産価値を安定的に維持したいという要請が強まっている。,TRUE,はい、社会が成熟し既存の建物を有効活用するストック型社会に移行する中で、不動産の維持管理の重要性が増しています。
103-4,2,他の金融資産への投資と比較すると、一般的に不動産投資は、社債や株式への投資よりも相対的にリスクが高いと認識されている。,FALSE,不動産投資のリスクは、一般的に「ミドルリスク・ミドルリターン」とされ、社債（ローリスク）よりは高く、株式（ハイリスク）よりは低いと位置づけられます。
103-4,3,リスク要因は、不動産投資の成否に係ることから、どのようなリスクがあるかの洗い出しが最も重要である。,TRUE,はい、投資判断を行う上で、物理的リスク、経済的リスク、法的リスクなど、潜在的なリスクを事前に把握・分析することが不可欠です。
103-4,4,建物の機能を維持・更新し、適正な状態にし、長持ちさせるためには、不具合が発生した都度の事後の修繕が欠かせない。,FALSE,事後的な修繕ではなく、損傷や劣化を予測して行う「計画的な修繕」が建物の長寿命化と価値維持には不可欠です。
103-5,1,バリューアッド投資とは、ファンドの主要な期待リターンの源泉が、不動産賃貸から生じるインカムリターンであるものをいう。,FALSE,これは「コア投資」の説明です。バリューアッド投資は、インカムリターンに加え、物件の改修等で価値を高めて売却益（キャピタルリターン）を狙う投資手法です。
103-5,2,機関投資家には、年金基金、一般機関投資家（例：銀行、生命保険会社・損害保険会社など）、海外の個人投資家が含まれる。,FALSE,機関投資家とは、多数の個人などから資金を集めて運用する法人投資家のことで、年金基金や金融機関などを指します。個人投資家は含まれません。
103-5,3,投資対象としての不動産も拡大しており、近年では不動産証券化を用いた老朽化不動産の更新・活用が非常に活発に行われている。,FALSE,老朽化不動産の更新・活用における不動産証券化の利用は、まだ活発とは言えず、今後の活用が期待される分野です。
103-5,4,わが国の不動産投資ビジネスが、今後もますます安定的に成長・発展していくためには、各プレーヤー相互の信頼関係と専門家としての自覚が必要である。,TRUE,はい、市場の健全な発展のためには、アセットマネジャーやプロパティマネジャーといった専門家が高い倫理観と専門性を持つことが求められます。
103-6,1,アセットマネジャーの主な業務は、入口戦略（物件取得）、期中戦略（リーシングや修繕）、出口戦略（物件売却）の3つの戦略を立案し実行することである。,TRUE,その通りです。これら3つの戦略を適切に立案・実行し、投資家のリターンを最大化することがアセットマネジャーの役割です。
103-6,2,デューデリジェンスは物的調査、法的調査、経済的調査に大別され、それぞれの調査は一般的にアセットマネジャーにて完結するもので、第三者に委託するものではない。,FALSE,デューデリジェンスは高度な専門性が求められるため、通常は弁護士、不動産鑑定士、建築士などの外部専門家に委託して行われます。
103-6,3,ファンドを組成しようとする場合、投資家の趣向や投資資金の性格にあったファンドを組成すべきであり、オポチュニスティックファンドとは、安定的な利益配当を趣向する投資家に適合するファンドである。,FALSE,安定的な利益配当を好む投資家には「コアファンド」や「REIT」が適しています。オポチュニスティックファンドは、より高いリスクを取ってハイリターンを狙う投資戦略です。
103-6,4,アセットマネジメントでは、ストラクチャーにより様々な法令を順守する必要があり、例えば、GK-TKスキームでは金融商品取引法、TMKスキームでは資産の流動化に関する法律、REITでは投資信託及び投資法人に関する法律に則る必要がある。,TRUE,はい、各スキーム（仕組み）はそれぞれ根拠となる法律があり、アセットマネジャーはそれらを遵守して業務を遂行しなければなりません。
103-7,1,レンダーを選定する場合、一般的に競争入札を行うことで金利などの経済条件を好条件で調達することが可能になるので、フィナンシャルアドバイザーを起用することがあるが、必ずしもフィナンシャルアドバイザーを起用する必要はなく、アセットマネジャー自らが競争入札を行う場合もある。,TRUE,その通りです。ファイナンスのアレンジはアセットマネジャーの重要な業務の一つであり、外部の専門家を活用するか自ら行うかは状況に応じて判断されます。
103-7,2,ストラクチャーを構成するうえでどのようなローンを調達するかは極めて重要であり、ローレバレッジ（浅めのLTV）にして配当利回りを高める設計とするか、又はその逆の設計にするかは、投資対象不動産の特性や投資家の志向によって変化する。,FALSE,一般的に、借入比率を高める「ハイレバレッジ」にすることで、自己資金に対する配当利回りを高める効果が期待できます。
103-7,3,配当停止事由とは資金移動が制限される事由のことであり、一般的にGK-TKスキームの場合では、信託口座からメイン口座への資金移動が禁止され、かつ投資家への配当やAM報酬の支払いが停止される。,FALSE,資金移動が禁止されるのは、メイン口座からリリース口座（配当等の支払いに使われる口座）への移動です。信託口座からメイン口座への家賃収入等の移動は通常通り行われます。
103-7,4,強制期限前弁済事由とは、貸付人が口座に留保された金銭をもって貸付の返済に充当できる事由のことであり、一般的にGK-TKスキームの場合ではメイン口座に留保された資金を返済に充当する。,TRUE,はい、ローン契約で定められた特定の事由が発生した場合、レンダー（貸付人）は期限の到来を待たずに、口座資金から貸付金を回収することができます。
103-8,1,キャッシュマネジメントとは物件運営レベル及びSPC運営レベルのそれぞれにおいて入出金管理や効率的な資産運用を行うものであり、年度資金計画の作成と予実管理、資金移動の承認と実行、コベナンツ管理、配当の実施等の業務がある。,TRUE,その通りです。ファンド全体の資金繰りを管理し、円滑な事業運営と投資家への配当を実現するための重要な業務です。
103-8,2,DSCRテストとは、ローン契約において定められる返済の余裕度をはかるテストであり、基準値を何度か下回ると配当停止事由や強制期限前弁済事由等に抵触する場合もあるので、アセットマネジャーはこれに抵触しないよう注意を払わなければならない。,TRUE,DSCR（Debt Service Coverage Ratio：元利金返済カバー率）は、不動産の収益がローン返済額をどの程度上回っているかを示す指標で、レンダーが重視する項目です。
103-8,3,LTVテストとは、ある時点の不動産鑑定評価額に対するローン元本額の割合であるLTV値が、ローン契約において定められた基準値を満たしているかテストするもので、LTV値が基準値を何度か上回ると物件の強制売却に至る場合もある。,TRUE,LTV（Loan to Value：借入金割合）は、不動産価値に対する借入金の割合を示す指標で、不動産価格の下落時にこの数値が上昇し、基準値を超えるとペナルティが発生することがあります。
103-8,4,GK-TKスキームにおいて、口座の階層は信託口座、メイン口座、リリース口座の3階層に分けられており、一般に信託口座レベルでは物件運営にかかわる入出金のほかAM報酬の支払いが行われる。,FALSE,AM報酬は、物件運営費やローン返済などを終えた後、リリース口座から投資家への配当と共に支払われるのが一般的です。
103-9,1,ホテルの需要に影響する訪日外国人の動向をみると、2023年の訪日外客数はコロナ禍の影響が減り、2019年の水準を超えて過去最高を記録した。,FALSE,2023年の訪日外客数は大幅に回復しましたが、コロナ禍前のピークであった2019年の水準には達していません。
103-9,2,住宅の需要に影響する人口移動の動向をみると、東京23区については、2021年に転出超過に転じたが、2022年には転入超過に戻り、2023年はさらに転入が増加している。,TRUE,はい、コロナ禍で一時的に鈍化した都心への人口流入は、再び活発化する傾向にあります。
103-9,3,オフィスの需要に影響する在籍（出社ではなく）の1人当たりのオフィス面積の動向をみると、面積は増加傾向が続いていたが、コロナ禍を経て減少に転じた。,FALSE,在籍者1人当たりのオフィス面積は、コロナ禍以前から顕著な増加傾向にあったわけではなく、コロナ禍後も減少はしていません。
103-9,4,物流施設の需要に影響する消費者向け電子商取引の市場動向をみると、EC化率は年々上昇し続けており、市場規模は2022年度には約23兆円に達している。,TRUE,その通りです。EC市場の拡大が、高機能な物流施設の需要を力強く牽引しています。
103-10,1,東京23区のオフィスストックを規模別に棟数でみたときに、延床5000坪以上のビルは1割以下である。,TRUE,はい、大規模なオフィスビルは棟数ベースで見ると少なく、希少性が高いと言えます。
103-10,2,新築ビルを対象とした空室率を見る際、対象物件数が少ないためデータの変動が大きい点や新築期間を超えると算出対象から外れる点に注意が必要である。,TRUE,その通りです。新築ビルの空室率は供給される物件によって大きく振れるため、市場全体の動向を見るには既存ビルも含めたデータと合わせて分析する必要があります。
103-10,3,フリーレントはテナント誘致や賃料単価を高く維持したい時などに使われるが、付与率や月数だけでは市場の需給動向を網羅できないケースがみられるようになってきた。,TRUE,はい、フリーレントに加えて内装工事費の負担など、様々なインセンティブが提供されるため、表面的な賃料だけでは実質的な賃料水準を判断しにくくなっています。
103-10,4,民間調査機関が公表する「空室率」は、調査対象となる物件の基準が異なるものの、空室面積を算出する際の基準は同じである。,FALSE,調査対象のエリアやビルのグレード、規模だけでなく、空室の定義（募集中の面積を含むかなど）も調査機関によって異なるため、データを比較する際には注意が必要です。
103-11,1,基準地価は、都道府県知事が判定する。,TRUE,はい、基準地価は都道府県地価調査とも呼ばれ、都道府県知事が主体となって価格を判定します。
103-11,2,基準地価は、毎年7月1日時点の価格を判定する。,TRUE,その通りです。毎年7月1日を価格判定の基準日としています。（公示地価は1月1日）
103-11,3,基準地価は、毎年9月に公表される。,TRUE,はい、7月1日時点の価格を調査・判定し、例年9月下旬頃に公表されます。
103-11,4,基準地価の対象に、都市計画区域外の林地は含まれる。,TRUE,はい、公示地価が都市計画区域内の土地を主に対象とするのに対し、基準地価は都市計画区域外の林地なども含み、より広範な土地をカバーしています。
103-12,1,新規賃料には募集賃料と成約賃料がある。募集賃料はサンプリングの問題や成約賃料との乖離がある場合があるが、以前から長く公表されており市場のトレンド把握に適している。,TRUE,はい、募集賃料は速報性が高く、市場の方向性を掴むのに役立ちますが、実際の成約賃料とは異なる場合がある点に留意が必要です。
103-12,2,不動産投資における収益は、インカムゲイン（継続的な賃料収入）とキャピタルゲイン（売却時の利益）に分けられる。,FALSE,説明が逆です。インカムゲインが賃料収入などの継続的な収益、キャピタルゲインが売却時の価格上昇による利益を指します。
103-12,3,今後の不動産売買市場の動向をみる際、J-REITや生命保険会社による不動産の取得・購入が多いときは、彼らが近いうちにその物件を売却すると考え、売却物件の供給が増加して、価格の下押し圧力になることを強く意識しておくべきである。,FALSE,J-REITや生命保険会社は、基本的に中長期的な視点で不動産を保有・運用する投資家であるため、彼らの取得が増えても短期的な売却供給の増加には直結しにくいです。
103-12,4,不動産の売買は一般的には相対取引で行われるため、実際の取引価格（成約価格）が公になることは全くない。,FALSE,J-REITや上場企業が不動産を売買した際には、IR情報（投資家向け広報）などで取引価格が開示されることがあります。
103-13,1,建物の敷地利用権が借地権である場合、土地の登記が必ずされる。,FALSE,借地権のうち、物権である「地上権」は登記されますが、債権である「賃借権」は登記義務がなく、登記されていないケースが多く見られます。
103-13,2,不動産登記簿の甲区欄には所有権に関する事項が記載されており、所有者は誰であるか、いつ、どんな原因で所有権を取得したのかが記載されている。,TRUE,その通りです。所有権の移転履歴は甲区を見ることで確認できます。
103-13,3,不動産登記簿謄本は法務局において原則誰でも取得することができるが、取得に際して所有者の承諾や委任状が必要となる。,FALSE,不動産登記簿謄本（登記事項証明書）は、不動産の取引の安全を図るための公示制度であるため、手数料を納付すれば誰でも取得できます。
103-13,4,不動産登記簿の乙区欄に記載されている事項について、根抵当権が設定されている場合には、極度額と実際の借り入れ残額は必ずしも一致しない。,TRUE,はい、根抵当権は、設定された極度額の範囲内であれば繰り返し借入と返済ができるため、登記されている極度額が現在の借入残高を示しているわけではありません。
103-14,1,一般的に、テナント構成について、特定のテナントや業種に偏りがなく分散状態にある方が、将来のキャッシュフローは安定的といえる。,TRUE,はい、テナント構成を分散させることで、特定のテナントの退去や特定の業種の不振がビル全体の収益に与える影響を軽減できます。
103-14,2,多数の不動産を所有しているファンド等において、ファンドが所有する対象不動産の管理費用を査定する際は、当該不動産単独の費用を査定する必要はなく、運営実績を採用して査定する。,FALSE,ファンド全体で管理契約を結ぶことで費用を削減している場合があるため、その物件単独で管理した場合の適正な費用水準を把握し、査定する必要があります。
103-14,3,実施済の修繕内容とエンジニアリングレポート記載の修繕項目を照合して、計画的な修繕計画が立案され、実行されているかを確認することは重要である。,TRUE,その通りです。過去の修繕履歴を確認することで、建物の維持管理に対する所有者の姿勢や、将来発生しうる修繕コストを予測する上で重要な情報となります。
103-14,4,一般的に、収益調査において、過去の収支実績はマンスリーレポート等により直近1年のみ分析、検討を行えば十分である。,FALSE,収益の安定性や傾向を正確に把握するためには、可能な限り複数年（例えば3〜5年分）の収支実績を分析・検討することが望ましいです。
103-15,1,収益還元法の適用において、直接還元法とDCF法のいずれの方法を適用するか、また併用する場合にいずれの方法を重視するかは、対象不動産の種類、収集可能な資料の質、範囲及び評価目的に即して適切に選択することが必要である。,TRUE,はい、例えば収益が安定している物件は直接還元法が、将来の収支変動を詳細に予測したい場合はDCF法が適しているなど、状況に応じた使い分けが重要です。
103-15,2,直接還元法は、時間の概念を組み入れることが可能であり、より詳細なシナリオを設定することができるという長所がある。,FALSE,これはDCF法の特徴です。直接還元法は、ある一期間の純収益を還元利回りで単純に資本還元する手法で、簡便である点が長所です。
103-15,3,DCF法は、一定期間の将来予測を明示的に行って価格を求める手法であり、予測の内容、精度などにより、求められた価格の信頼性が左右されることとなる。,TRUE,その通りです。賃料の変動や空室率、運営費用の予測などが価格に大きく影響するため、その前提条件の妥当性が非常に重要になります。
103-15,4,最終還元利回りは、現在の還元利回りと比較して、将来の不確実性や建物の老朽化等を考慮すると、一般的にはやや高い水準となる。,TRUE,はい、DCF法で用いる最終還元利回り（売却時の還元利回り）は、保有期間中のリスクを反映するため、分析開始時点の還元利回りよりも若干高く設定されることが一般的です。
103-18,1,再調達価格の総額には、解体撤去費用、設計料、移転引越し費用、営業補償費などは含まない。,TRUE,再調達価格は、対象建物を再度建築する場合の直接的な工事費や付帯費用を指し、設問のような費用は通常含まれません。
103-18,2,再調達価格とは、対象建物の現状仕様に従い、対象建物を調査時点に再度新築するとした場合の費用である。,TRUE,その通りです。現在の技術や資材価格を基に、同じ建物を建て直した場合の費用を算出します。
103-18,3,対象建物が、竣工後に耐震補強工事などが行われていた場合には、新築時とは異なるため、その耐震性を保持するためのコストは反映されない。,FALSE,耐震補強工事が行われている場合、そのコストも現状仕様の一部として再調達価格に反映されます。
103-18,4,再調達価格の算出方式には、竣工時の工事代金内訳書から物価の上昇等の要因を考慮して金額を算出する方式と主要部位の概算積算等を行って金額を算出する方式の2通りの方式がある。,TRUE,はい、過去のデータから調整する方法と、現在の単価を基に積み上げて計算する方法があります。
103-19,1,過去に実施された土壌汚染対策法に基づく調査で、「区域指定」等の指定を受けていなかったため、通常の地歴調査を実施して、対象物件の取得を進めたという判断は適切である。,FALSE,法改正などにより基準が変更されている可能性があるため、過去の調査結果だけでなく、常に最新の法令に基づいた調査が必要です。
103-19,2,地歴調査で近隣地域に工場等の存在は確認されなかった一般の商業地において、過去に印刷会社やクリーニング店の立地が確認されたため、フェーズⅡ調査を実施したという判断は適切である。,TRUE,はい、印刷会社やクリーニング店は有害物質を使用していた可能性があるため、土壌汚染のリスクを考慮して、より詳細な調査（フェーズⅡ調査）に進むのは適切な判断です。
103-19,3,土壌汚染対策法では、「要措置区域」と「形質変更時要届出区域」の区分があるが、自然由来と想定される区域の設定は無い。,FALSE,自然由来の有害物質による汚染については「自然由来特例区域」の指定制度があります。
103-19,4,土壌汚染の地歴調査において、調査対象地が過去に工場敷地として利用されていたことが判明したが、当時の事業者は追跡できず、また年数も経過していることから「土壌汚染リスクは低い」と判断したことは適切である。,FALSE,有害物質は長期間土壌に残存する可能性があるため、年数が経過していてもリスクは低いとは言えません。過去の所有者や利用状況を特定することが重要です。
103-20,1,エンジニアリングレポートは技術的見地から、第三者の立場で、対象不動産の機能・性能等を客観的に評価し、収益性に影響を及ぼす様々なリスクを定量化する役割をもつ。,TRUE,その通りです。建物の物理的な状態を評価し、将来必要となる修繕費用などを予測することで、投資判断の重要な材料となります。
103-20,2,建物が建築時に適法に建てられ検査済証が交付されているため、遵法性上は問題が無いものと判断した。,FALSE,竣工後の増改築や用途変更により、現行の建築基準法や消防法に適合していない（既存不適格）状態になっている可能性があるため、遵法性の調査は必要です。
103-20,3,建物の環境リスク評価では、建物に使用されている材料、設備機器、これを動かすための油類（燃料）等に、環境上の問題がないかを確認する。,TRUE,はい、アスベストやPCB（ポリ塩化ビフェニル）など、有害物質の使用の有無を確認することは環境リスク評価の重要な項目です。
103-20,4,土壌汚染リスク評価では、土壌・地下水汚染が人の健康や生活環境への影響もさることながら、大きな経済的なリスクであるため、地歴調査を実施する。,TRUE,はい、浄化費用が多額になるなど、土壌汚染は不動産の価値や投資収益に大きな影響を与えるため、地歴調査によるリスクの把握が第一歩となります。
103-21,1,プロパティマネジメント業務は、「建物の管理運営の企画」、「テナント誘致業務」、「運営業務」、「建物管理業務」などから構成され、実際に行われる業務の範囲や程度は契約のもとに決定される。,TRUE,その通りです。これらの業務を通じて、不動産の資産価値を維持・向上させることがプロパティマネジャーの役割です。
103-21,2,プロパティマネジャーの役割は投資家収益の最大化であり、不動産ファンドの対象となる不動産をポートフォリオとして運用し、投資家のインカムゲインとキャピタルゲインの最大化を図ることである。,FALSE,これは、投資全体の戦略を立てる「アセットマネジャー」の役割の説明です。プロパティマネジャーは、個別の物件レベルでの管理運営を担当します。
103-21,3,プロパティマネジャーには不動産運営のプロフェッショナルとして、対象不動産の固有のリスクや時代と共に刻々と変化するリスクを的確にコントロールすることにより資産価値を最大化することが求められる。,TRUE,はい、日常の運営管理を通じて、物件の魅力を高め、テナント満足度を向上させることが資産価値の最大化につながります。
103-21,4,プロパティマネジメント業務のうち「運営業務」は、建物の品質管理・テナント等の窓口対応・賃料などの入出金管理・定期的なビルオーナーへのレポーティングなどソフト面の対応を指す。,TRUE,はい、ハード面の設備管理などと対比して、テナントやオーナーとのコミュニケーションを含むソフト面の業務も運営業務の重要な要素です。
103-22,1,長期修繕計画は概ね10年を超える修繕計画を指すことが多く、実施を見据えた現実的な計画であるため、計画策定にあたっては修繕を行う対象と方法を費用を含めて明確にする必要がある。,FALSE,これは中期・短期修繕計画の説明です。長期修繕計画は、より長期的な視点で大規模な修繕の時期や概算費用を把握するためのものです。
103-22,2,建物の劣化への対処方法である「修繕・更新」は、機能や性能が低下した機器等を竣工時と同等、又は実用上支障のない状態までに回復させる行為であり、主に社会的劣化への対処が目的である。,FALSE,これは主に、経年による「物理的劣化」への対処が目的です。社会的劣化への対処は、リニューアルやコンバージョンなどが該当します。
103-22,3,建物の劣化への対処方法については予防保全を前提に検討し、リスク・コスト共に割高になる事後保全は避けるべきである。,FALSE,基本は予防保全ですが、故障しても影響が軽微な設備などについては、あえて事後保全を選択することもあります。
103-22,4,改修計画は、ビルに新しい価値を生み出す業務であり、プロパティマネジメントの実務における通常業務と異なり、非定常の業務である。,TRUE,その通りです。日常的なメンテナンスとは異なり、時代のニーズに合わせて建物の魅力を高めるための特別なプロジェクトとして扱われます。
103-23,1,建物賃貸借契約は、更新の意思があるかどうか、更新を拒絶する正当事由があるかどうかなどに関わらず、契約期間の満了により契約を終了することができる。,FALSE,これは「定期建物賃貸借契約」の説明です。通常の（普通）建物賃貸借契約では、貸主からの解約には正当事由が必要です。
103-23,2,入居申込書は、入居希望テナントとの契約条件交渉に先立って、賃貸条件等、交渉に対する考え方を書面により受領するものであるが、一般的に法的拘束力を有さない。,TRUE,はい、入居申込書はあくまで入居の意思表示であり、正式な賃貸借契約が締結されるまでは、双方ともに契約上の義務は発生しないのが一般的です。
103-23,3,館内規則はビルへの入居に関し、当該ビルの標準仕様・工事区分・各種法的規制・建築・設備の規則及び条件を明示したものである。,FALSE,これは、テナント入居時の工事ルールなどを定めた「貸方基準」の説明です。館内規則は、ゴミ出しのルールなど、ビル利用上のルールを定めたものです。
103-23,4,プロパティマネジャーは通常、対象建物ごとに収入と支出の予測や修繕計画などをまとめた「PMレポート」をビルオーナー（アセットマネジャー等）へ年度ごとに提出する。,FALSE,これは年度予算である「PMバジェット」の説明です。PMレポートは、月次などで実績を報告する書類です。
103-24,1,設備管理業務には主に日常運転監視業務と定期整備業務があり、その方法として常駐設備管理方式と巡回設備管理方式がある。,TRUE,その通りです。ビルの規模や特性に応じて、適切な管理方式が選択されます。
103-24,2,清掃衛生業務の特別清掃とは、日常清掃では落とせない汚れを専用の薬品、機材を使って定期的に除去する作業であり、床面やガラス面などが主な対象となる。,FALSE,これは「定期清掃」の説明です。特別清掃は、照明器具の清掃など、より専門的で不定期に行われる清掃を指します。
103-24,3,巡回警備では、異常を検知してから警備対象施設まで30分以内（都内などの場合は25分以内）に到着しなければいけないことが警備業法で定められている。,FALSE,これはセンサーなどが異常を検知する「機械警備」の説明です。巡回警備は、警備員が定期的に施設を見回る警備方法です。
103-24,4,プロパティマネジメントにおけるコンストラクションマネジメントとは、修繕工事・改修工事に関わる企画・提案、工事管理を通じて品質・工期・コストの最適化を図ることをいう。,TRUE,はい、プロパティマネジャーは、工事の発注者側の立場でプロジェクト全体を管理し、オーナーの利益を最大化する役割を担います。
103-25,1,建築物衛生法で規定される特定建築物の維持管理権原者は、建築物環境衛生管理技術者を選任しなければならない。,TRUE,はい、一定規模以上の特定建築物では、衛生的な環境を確保するために、専門の資格者である建築物環境衛生管理技術者の選任が義務付けられています。（問題文の「特殊建築物」は「特定建築物」の誤り）
103-25,2,消防法において全ての防火対象物は、自衛消防組織を設置しなければならない。,FALSE,自衛消防組織の設置義務は、大規模な建物など、法令で定められた一定の防火対象物に限られます。
103-25,3,電気事業法における電気主任技術者の外部委託とは、自社で電気主任技術者を選任せず外部の組織に保安管理業務を委託することである。,TRUE,その通りです。自家用電気工作物を設置する事業者は、有資格者である電気主任技術者を選任するか、保安管理業務を外部に委託する必要があります。
103-25,4,建築基準法において建築確認申請が必要な建築行為は新築工事に限られる。,FALSE,新築のほか、増改築、大規模な修繕・模様替、一定の用途変更など、様々な建築行為で建築確認申請が必要となります。
103-26,1,PRIは2016年に公表された、サステナビリティ報告書の作成において準拠するガイドラインである。,FALSE,PRI（Principles for Responsible Investment：責任投資原則）は、投資の意思決定プロセスにESGの視点を組み込むことを掲げた投資原則です。サステナビリティ報告書のガイドラインは「GRIスタンダード」です。
103-26,2,TCFD（気候関連財務情報開示タスクフォース）が提出した最終報告書は、企業に対して、気候変動のリスクと機会が財務に及ぼす影響を整理した上で気候関連情報を開示することを推奨している。,TRUE,はい、TCFD提言は、気候変動に関する情報開示の国際的な標準となりつつあります。
103-26,3,GRESBは、不動産業界をはじめとした実物資産を対象としたESGの取り組みを評価するフレームワークであり、物件単位でESGの取り組みと実績を評価している。,FALSE,GRESBは、個別の物件単位ではなく、不動産会社やファンドといった組織単位でのESGへの取り組みを評価します。
103-26,4,CRREMは、脱炭素社会に向けた物理リスクを管理し、パリ協定の目標に整合させるため、商業用及び住宅用不動産セクターの脱炭素化の道筋（パスウェイ）を科学的根拠に基づき定義するプロジェクトである。,FALSE,CRREMが管理・評価するのは、規制強化などによる資産価値の毀損リスクである「移行リスク」です。
103-27,1,LEEDは、グリーンビルディングとして環境性能を様々な視点から評価するため、エネルギー効率だけでなく、敷地選定、水の利用、立地と交通、材料と建築、室内環境、総合的プロセスなど複数の評価分野が設けられている。,TRUE,その通りです。LEEDは、建物の環境性能を多角的に評価する国際的な認証制度です。
103-27,2,BELSは、建築物省エネ法に準じた評価手法を採用しており、持続可能性の様々な側面を多面的に評価し、総合指標で評価している。,FALSE,BELS（建築物省エネルギー性能表示制度）は、環境性能の中でも特に「省エネルギー性能」に特化した評価・表示制度です。設問後半の内容はCASBEEの説明に近いです。
103-27,3,日本の不動産市場においても、グリーンビルディング認証が不動産のキャッシュフローや価値に与える影響（グリーン・プレミアム）が存在することを示した実証研究が複数発表されている。,TRUE,はい、環境性能の高いビルは、賃料が高く、空室率が低い傾向があることなどが研究で示されています。
103-27,4,ESGフレームワークの一つであるGRESBの評価項目には、グリーンビルディング認証を取得した物件の面積割合も含まれており、物件レベルでのESGの取り組みが企業・ファンドレベルでの評価につながるようになっている。,TRUE,その通りです。個別の物件でグリーンビルディング認証を取得することが、GRESB評価の向上、ひいては企業やファンド全体の評価向上に繋がります。
105-28,1,105科目（不動産ファイナンスの基礎）のテキストでは、ファイナンスという言葉は、広義には資金調達だけではなく投資理論なども含むものとして使用している。,TRUE,はい、「ファイナンス」は狭義の資金調達だけでなく、投資の意思決定や企業価値評価などを含む広い概念です。
105-28,2,ノンリコースローンは、対象となる不動産からの収益や売却代金によって返済がなされるが、万一返済が滞った場合には、関係者である投資家や不動産投資顧問会社に対して残債権額の返済を求めるといったような保証を求めることが多い。,FALSE,ノンリコース（非遡及）とは、返済原資が対象不動産に限定され、事業主の他の資産や第三者には返済義務が及ばない（遡及しない）融資形態を指します。
105-28,3,不動産ファイナンスでは、仕組みを構築する際に、倒産隔離性を確保することが重要だが、当該事業主体にファイナンスを行っている債権者から見た場合には、第三者の債権者が出現しないことがより重要となる。,TRUE,はい、レンダー（貸付人）にとっては、他の債権者が現れて返済原資である不動産が差し押さえられるリスクを避けることが、融資の安全性を確保する上で非常に重要です。
105-28,4,J-REITへのファイナンスは、一般に不動産ファンドは投資期間が有限であることに対し、期限の定めが無い事業主体であることから、継続企業を前提としてファイナンスの可否を判断する必要がある。,TRUE,その通りです。J-REITは永続的な事業体であるため、特定の物件の売却による返済だけでなく、借換えや公募増資など、多様な返済方法を想定したファイナンスが行われます。
105-29,1,社債を投資家に対して発行して資金調達する場合には、投資家保護のために必ず社債管理者が設置される。,FALSE,社債の券面額が1億円以上の場合など、一定の要件を満たす場合には社債管理者の設置は不要となります。
105-29,2,SPV自体の倒産隔離の方法として、現在は慈善信託によるものが主流となっている。,FALSE,現在では、社員の議決権を制限しやすい「一般社団法人」をSPVの株主（社員）とすることが主流です。
105-29,3,オリジネーターなどは、一般社団法人を設立するための費用を基金拠出の形で負担し、併せて一般社団法人に対する議決権を有する。,FALSE,倒産隔離の観点から、オリジネーターは一般社団法人の議決権を持たないように設計されます。
105-29,4,組合には、民法上の任意組合、商法上の匿名組合、投資事業有限責任組合、有限責任事業組合があるが、いずれも組合事業の制限はない。,FALSE,例えば、投資事業有限責任組合（LPS）は、行える事業が法律で定められています。
105-30,1,金銭債権の証券化において、オリジネーターがサービサーとしてサービシング業務を行っているか否かに拘らず、債務者対抗要件として債務者への譲渡の通知などを必ず行う。,FALSE,オリジネーターが引き続き債権回収（サービシング）を行う場合、債務者に譲渡の事実を知らせない（通知しない）のが一般的です。
105-30,2,債権譲渡について、オリジネーターがサービサーとしてサービシング業務を行っている場合は、第三者対抗要件を具備しないのが一般的である。,FALSE,オリジネーターが倒産した場合に備え、SPCが第三者に権利を主張できるよう、債権譲渡登記などで第三者対抗要件を具備することは必須です。
105-30,3,金銭債権の証券化において、動産・債権譲渡特例法に基づいて第三者対抗要件を具備する場合、債権譲渡登記を行うものの、オリジネーターがサービサーとしてサービシング業務を行っている場合、登記事項証明書を交付して債務者に通知したり、債務者の承諾を得ないのが一般的である。,TRUE,はい、第三者対抗要件は登記で確保しつつ、債務者への通知は行わないことで、債務者に混乱を与えずに事業を継続できます。
105-30,4,動産・債権譲渡特例法によれば、債権譲渡登記がされた場合、譲渡人若しくは譲受人が債務者に登記事項証明書を交付して通知をするか、又は債務者が承諾をすることにより、債務者対抗要件が具備されたものとみなされる。,TRUE,その通りです。登記に加えて、これらの行為によって債務者に対しても債権者が変わったことを主張できるようになります。
105-31,1,適正価額による不動産処分の否認において、要件の一つは「当該処分による財産の種類の変更により、隠匿などの処分をするおそれを現に生じさせるものであること」である。,TRUE,はい、これは破産法第161条に定められた否認の要件の一つです。
105-31,2,適正価額による不動産処分の否認において、要件の一つは「破産者がその行為の当時、隠匿などの処分をする意思を有していたこと」である。,TRUE,はい、これも破産法第161条に定められた否認の要件の一つです。
105-31,3,適正価額による不動産処分の否認において、要件の一つは「相手方が行為の当時、破産者が隠匿などの処分をする意思を有していたことを知っていたこと」である。,TRUE,はい、これも破産法第161条に定められた否認の要件の一つです。
105-32,1,投資法人債の発行市場は、米国の不動産バブルの崩壊を受けて、2008年から2009年にかけて、資金調達額が大幅に落ち込んだ。,TRUE,はい、リーマンショックを含む世界的な金融危機の影響で、J-REITの資金調達環境は大きく悪化しました。
105-32,2,ESG推進の流れの中で、新規に起債される投資法人債の約8割がSDGs債となっており、特にソーシャルボンドの占める割合が高い。,FALSE,SDGs債の発行が増えているのは事実ですが、その中でも特に割合が高いのは、環境分野への使途を目的としたグリーンボンドです。
105-32,3,投資法人債のプライシングにおいては、原則はスプレッド・プライシングという手法が使われ、引受証券会社と機関投資家の間ではスプレッドの目線感の擦り合わせが行われる。,TRUE,はい、国債などの基準金利に、個別のJ-REITの信用力などを反映した上乗せ金利（スプレッド）を加えて発行利率が決定されます。
105-32,4,J-REITに債券投資する機関投資家は、その属性ごとに運用方針が異なるが、基本的にはそれぞれのALM（Asset Liability Management）の考え方に基づき投資判断をしている。,TRUE,ALMとは資産と負債を総合的に管理する手法のことで、特に保険会社や年金基金など、将来の支払いが決まっている機関投資家にとって重要な考え方です。
105-33,1,日本銀行が「異次元の金融緩和」を開始した2013年は、J-REITにおいて公募増資（IPOやFO）が活発に行われ、1兆円を超えるエクイティファイナンスがあった。,TRUE,はい、金融緩和による低金利と不動産市況の回復期待を背景に、J-REITの資金調達が非常に活発になりました。
105-33,2,J-REITの公募増資の場合、投資家保護の観点から、有価証券届出書や目論見書といった「法定開示」や金融商品取引所が定めるルールに則った「適時開示」を要求される。,TRUE,その通りです。上場商品として、投資家が適切な投資判断を下せるように、厳格な情報開示ルールが定められています。
105-33,3,地域金融機関や個人投資家の資金は、J-REITの個別銘柄に直接向かうこともあるが、投資信託を通じてJ-REIT市場に流入している部分も大きい。,TRUE,はい、J-REITを組み入れた投資信託は、個人投資家などがJ-REIT市場に投資するための主要なルートの一つです。
105-33,4,ここ数年は東京証券取引所で取引された総売買代金のうち、委託取引の約7割が個人投資家であり、J-REIT市場を牽引していると言っても過言ではない。,FALSE,J-REIT市場の売買で大きな割合を占めているのは、個人投資家ではなく海外投資家です。
105-34,1,株式投資のリスクのうち、複数銘柄への分散投資によって低減できる個別銘柄特有のリスクは「アン・システマティックリスク」と呼ばれる。,TRUE,その通りです。これは、特定の企業の業績不振や不祥事など、その企業固有の要因によるリスクです。
105-34,2,株式投資のリスクのうち、分散投資によっても低減できない株式市場そのもののリスクは「システマティックリスク」と呼ばれる。,TRUE,その通りです。これは、景気変動や金利変動など、市場全体に影響を与える要因によるリスクです。
105-34,3,個々の銘柄が市場リスクに影響を受ける度合いを表す指標であるベータ（β）は、「当銘柄と市場のリターンの共分散／市場のリターンの分散」で計算される。,TRUE,はい、ベータ値が大きいほど、市場全体の動きに対する感応度が高い（価格変動が大きい）ことを示します。
105-35,1,定率成長配当割引モデルにおいて、前提が「1年目の予想配当金=10円、期待リターン=5%、配当成長率=1%」から「1年目の予想配当金=11円、期待リターン=6%、配当成長率=2%」に変更された場合、株価は+10%変動する。,TRUE,前提変更前の株価は250円（10 / (0.05 - 0.01)）、変更後の株価は275円（11 / (0.06 - 0.02)）となり、変動率は+10%です。
105-36,1,グリーンボンドは環境プロジェクト、ソーシャルボンドは社会貢献プロジェクトの資金調達に使われ、サステナビリティボンドは両方の特性を併せ持つ。,TRUE,その通りです。これらはESG投資の一環として発行される債券です。
105-36,2,GRESB（グローバル不動産サステナビリティ・ベンチマーク）は、責任投資原則（PRI）を主導した欧州の年金基金グループが中心となり2019年に創設された。,FALSE,GRESBは2009年に創設されました。不動産分野におけるESG評価の先駆けです。
105-36,3,J-REITにとっての「ガバナンス」とは「投資主利益の最大化を目的として運用を行う」点にあり、ガバナンス欠如の例として「スポンサーとの利益相反問題」が多く見られる。,TRUE,はい、J-REITは外部の運用会社に運用を委託する形態のため、運用会社とスポンサー、そして投資主との間の利益相反をいかに管理するかがガバナンス上の重要な課題です。
105-37,1,MM理論において法人税と倒産コストが存在する場合、企業価値は資本構成から独立したものであり、負債比率の大小は企業価値に影響を及ぼさない。,FALSE,これは、税金も倒産コストも存在しない、完全な市場を前提としたMM理論（第1命題）の説明です。
105-37,2,MM理論において法人税と倒産コストが存在する場合、負債の節税効果が生じるため、負債比率の大きい企業ほど企業価値が高くなる。,FALSE,負債には節税効果がありますが、負債比率が高すぎると倒産コスト（倒産確率の上昇による価値の減少）が節税効果を上回り、企業価値はかえって減少します。
105-37,3,MM理論において法人税と倒産コストが存在する場合、資本構成に負債があると倒産コストが織り込まれるため、負債がなく株主資本だけの場合に企業価値は最大となる。,FALSE,負債が全くない状態よりも、節税効果が倒産コストを上回る範囲で、適度に負債を利用した方が企業価値は高まります。
105-37,4,MM理論において法人税と倒産コストが存在する場合、企業価値が最大化する負債の水準は、追加的に負債を取り入れた場合の倒産コストの期待値の限界的増加が負債の節税効果のそれと拮抗する水準である。,TRUE,はい、これをトレードオフ理論と呼び、最適な資本構成が存在することを示唆しています。
105-38,1,「日経平均株価（日経225）」が下落した場合には、「TOPIX（東証株価指数）」も下落する。,FALSE,日経平均株価は構成銘柄の株価の単純平均（株価平均型）、TOPIXは時価総額の加重平均（時価総額加重平均型）で算出されるため、両者の動きは必ずしも一致しません。
105-38,2,東証REIT指数には、いわゆる配当込みインデックスとそうでないものとがある。,TRUE,はい、分配金を再投資したと仮定して算出する「配当込み指数（トータルリターン・インデックス）」と、価格変動のみを示す「価格指数」があります。
105-38,3,不動産証券化協会が公表しているAJPI（ARES Japan Property Index）は、一定の期間に実際に取引された不動産を基礎として、総合収益率を算出している。,FALSE,AJPIは、実際に取引された不動産ではなく、J-REITや私募ファンドが「保有」している不動産をユニバース（母集団）として収益率を算出しています。
105-38,4,「日経平均株価（日経225）」は、株式時価総額を指数化したものである。,FALSE,日経平均株価は、構成銘柄の株価を単純平均に近い形で指数化した「株価平均型」のインデックスです。
105-41,1,IRRは同額の資金を回収するならば回収のタイミングによらず一定となる。,FALSE,時間的価値を考慮するため、同じ金額でもより早く回収する方がIRR（内部収益率）は高くなります。
105-41,2,当初の投資額と同額を投資の終了時に回収する場合でも、期中で得られる配当等のキャッシュフローが年率で3%の場合、IRRは3%とならない。,FALSE,この場合、投資期間中の収益は期中のキャッシュフローのみであるため、IRRは3%となります。
105-41,3,IRRは投資額と回収するキャッシュフローの現在価値の総和がゼロとなる割引率である。,TRUE,その通りです。IRRは、正味現在価値（NPV）がゼロになる割引率として定義されます。
105-41,4,IRRと債券のフォワードレートは同じ概念である。,FALSE,IRRは投資プロジェクト全体の収益率を示す指標であり、将来の金利を示すフォワードレートとは異なる概念です。概念として近いのは債券の最終利回りです。
105-42,1,問題42の正規分布の図において、平均は（ウ）、標準偏差は（ア）で表される。,TRUE,正規分布は平均（ウ）を中心とした左右対称の釣鐘型をしており、そのばらつきの度合いを標準偏差（ア）で表します。
105-43,1,資産A（期待リターン5%リスク2%）と資産B（期待リターン7%リスク3%）について、リターンの相関係数は0.5である。,FALSE,与えられた情報だけでは、2つの資産間の相関係数を計算することはできません。
105-43,2,資産A（期待リターン5%リスク2%）と資産B（期待リターン7%リスク3%）をそれぞれ50%の保有割合で組み合わせたポートフォリオの期待リターンは6%である。,TRUE,ポートフォリオの期待リターンは、各資産の期待リターンを組み入れ比率で加重平均して求めます。（5% × 0.5）+（7% × 0.5）= 6%となります。
105-43,3,資産Aと資産Bのリターンの相関係数が小さくなるほど、ポートフォリオのリスク（標準偏差）は大きくなる。,FALSE,相関係数が小さいほど（+1から離れるほど）、分散投資によるリスク低減効果は大きくなります。
105-43,4,資産Aと資産Bのリターンが正の完全相関にある場合、ポートフォリオの分散効果は最大化される。,FALSE,正の完全相関（相関係数が+1）の場合、2つの資産が全く同じ値動きをするため、分散によるリスク低減効果は全く得られません。
105-44,1,効率的フロンティアとは同じ期待リターンで最も低いリスク、同じリスクで最も高い期待リターンを持つポートフォリオの集合である。,TRUE,その通りです。リスク資産のみで構成可能な、最も効率的なポートフォリオの組み合わせを結んだ曲線を指します。
105-44,2,「最小分散ポートフォリオ」とは、「効率的フロンティア」上でリスク（標準偏差）が最も低いポートフォリオである。,TRUE,はい、効率的フロンティアの曲線上で最も左側に位置する（＝リスクが最小になる）ポートフォリオを指します。
105-44,3,リスク回避度が異なる2人の投資家が、共通の「効率的フロンティア」を想定している場合、この2人の「最適ポートフォリオ」は必ず同じ組み合わせとなる。,FALSE,最適ポートフォリオは、効率的フロンティアと各投資家のリスク許容度を示す「無差別曲線」が接する点となるため、リスク回避度が異なれば最適ポートフォリオも異なります。
105-44,4,「無差別曲線」とは、同じ効用水準が得られるリスクとリターンの組み合わせを結んだ曲線である。,TRUE,はい、投資家にとって満足度が同じになるリスクとリターンの組み合わせを結んだ線です。
105-45,1,CAPMが成立し、安全資産リターンが1%、市場ポートフォリオリターンが3%の時、β値1.2の資産Aの期待リターンは3.4%である。,TRUE,期待リターン = 1% + 1.2 × (3% - 1%) = 3.4% となります。
105-45,2,CAPMが成立し、安全資産リターンが1%、市場ポートフォリオリターンが3%の時、資産A(β=1.2) B(β=1.0) C(β=0.8) D(β=0.01)を期待リターンの大きさ順に並べると、A>B>C>Dである。,TRUE,各期待リターンは A=3.4% B=3.0% C=2.6% D=1.02% となり、この順序は正しいです。
105-45,3,CAPMが成立し、安全資産リターンが1%、市場ポートフォリオリターンが3%の時、β値0.01の資産Dの期待リターンは、安全資産のリターンと等しい。,FALSE,βがゼロの資産の期待リターンが、安全資産のリターンと等しくなります。βが0.01の場合、期待リターンは安全資産のリターンよりわずかに高くなります（1.02%）。
105-45,4,βがゼロの資産がある場合、その資産のシステマティックリスクとアン・システマティックリスクの合計は、常に0（ゼロ）にはならない。,TRUE,βがゼロということは、市場全体の値動きとの連動性（システマティックリスク）がないことを意味しますが、その資産固有のリスク（アン・システマティックリスク）は存在し得ます。
105-46,1,問題46のフォワードレート（0年目1.5% 1年目2.3% 2年目2.7%）の場合、1年スポットレートは1.5%、2年スポットレートは1.9%である。,TRUE,1年スポットレートは0年目からの1年フォワードレートに等しく1.5%。2年スポットレートは、(1 + 1.5%) × (1 + 2.3%) の平方根から1を引いた値となり、約1.9%です。
105-47,1,利回り変化が同一であれば、デュレーションが長い債券の方が価格変動は大きくなる。,TRUE,デュレーションは、金利変動に対する債券価格の感応度を示す指標であり、デュレーションが長いほど価格変動が大きくなります。
105-47,2,割引債のデュレーションは残存期間と等しい。,TRUE,割引債（ゼロクーポン債）は、キャッシュフローが満期時の償還しかないため、デュレーションは残存期間と一致します。
105-47,3,デュレーションは、キャッシュフローを受け取れるまでの期間をキャッシュフローの現在価値で単純平均したものである。,FALSE,単純平均ではなく、各キャッシュフローの現在価値で「加重平均」したものです。
105-47,4,同一満期、かつ満期時の償還元本も同じでクーポンの異なる固定利付債では、クーポンが大きい債券の方がデュレーションは短い。,TRUE,クーポンが大きい（利払いが多い）ほど、より早期に資金を回収できるため、デュレーションは短くなります。
106-48,1,匿名組合出資持分の私募の取扱いを受託した金融商品取引業者の担当者が、金商法上記載すべき事項を記載しないで契約締結前書面を顧客に交付した場合、当該担当者個人は直ちに金商法違反を理由として不法行為責任を負うことになる。,FALSE,金商法違反（行政法規違反）が、直ちに民事上の不法行為責任に結びつくわけではありません。
106-48,2,有価証券の販売を行う金融商品取引業者の担当者個人は、販売時の投資家勧誘行為において民事上の説明義務違反となる行為をした場合でも、法人の履行補助者であるため不法行為責任を負うことはない。,FALSE,担当者個人の行為が不法行為の要件を満たす場合、法人だけでなく担当者個人も不法行為責任を負う可能性があります。
106-48,3,担当者個人の違法な勧誘行為により法人である金融商品取引業者が不法行為責任を負った場合、金融商品取引業者は担当者個人に、法人として支払った賠償額につき求償することができる。,TRUE,はい、民法第715条（使用者責任）に基づき、会社は損害を賠償した後、その原因を作った従業員に対して求償権を行使できます。
106-48,4,「顧客本位の業務運営に関する原則」は法律上の規範ではないため、当該原則に違反するような説明を金融商品取引業者が行っても、金融商品取引業者や担当者個人は不法行為責任を負うことはない。,FALSE,原則自体に法的拘束力はなくても、その原則に反するような不適切な説明行為が、結果として民法上の説明義務違反と判断され、不法行為責任を問われる可能性はあります。
106-49,1,不動産信託受益権の売買において、売り手（合同会社）から投資判断の一任業務を受託し、買い手候補（B社）から購入の媒介業務を打診された金融商品取引業者A社が考慮すべきことは、忠実義務の問題ではなく善管注意義務の問題である。,FALSE,これは、売り手と買い手の双方の利益が相反する可能性があるため、依頼者の利益を最優先する「忠実義務」が問われる典型的な事例です。
106-49,2,不動産信託受益権の売買において、売り手（合同会社）から投資判断の一任業務を受託した金融商品取引業者A社が、買い手（B社）からの媒介を謝絶し、その後売り手のために売却を実行する際、複数の鑑定価格のうち最も低い価格を参考に売買価格を設定した。このA社の行為は、金商法上、合同会社に負う忠実義務に反する可能性がある。,TRUE,はい、媒介を断ったとしても、売り手である合同会社の利益を最大化すべき立場にあるA社が、最も低い価格を参考にしたのであれば、忠実義務違反を問われる可能性があります。
106-49,3,不動産信託受益権の売買において、利益相反の可能性がある買い手からの媒介業務を謝絶した金融商品取引業者A社が、売り手のために売却を実行する際、鑑定価格のうち最も低い価格を参考に売買価格を設定した。この行為は、利益相反を適切に管理していると評価できるが、顧客の最善の利益を図るべきであるという顧客本位の原則には反しない。,FALSE,買い手からの媒介を謝絶した点は利益相反管理として評価できても、売り手にとって不利な価格設定をしたのであれば、「顧客の最善の利益を図る」という原則に反します。
106-49,4,匿名組合出資を受けて不動産信託受益権を保有する合同会社が適格機関投資家等特例業務の届出をして自己運用業務を遂行する場合、当該合同会社は、匿名組合員から反対を受けるような不動産信託受益権の売却行為をしても忠実義務に反することはない。,FALSE,匿名組合員は業務執行に関与できませんが、運用者である合同会社は組合員に対して忠実義務を負っており、組合員の利益を損なうような売却行為は忠実義務違反となる可能性があります。
106-50,1,不動産証券化ビジネスに関わる人々はプロフェッショナルと見なされ、プロである限り、法的義務が出てくる根拠、つまり、倫理的義務、信認義務を理解し、それに基づいて行動しなければならない。,TRUE,その通りです。専門家として、法律だけでなく、より高い水準の倫理観や顧客に対する信認義務を負うことが求められます。
106-50,2,信認義務とは、主に忠実義務と善管注意義務という二つの義務からなり、後者の善管注意義務とは、信認者・受益者の利益を第一に考え行動することである。,FALSE,「信認者・受益者の利益を第一に考え行動すること」は、「忠実義務」の説明です。善管注意義務は、専門家として通常期待されるレベルの注意を払う義務を指します。
106-50,3,善管注意義務を負うということは、取り組む際の姿勢を問題とするのであって、結果を問うものではない。,TRUE,はい、最善の努力を尽くしたか、専門家としての注意を払ったかというプロセスが問われるもので、結果的に損失が出たからといって直ちに義務違反となるわけではありません。
106-50,4,不動産証券化協会認定マスターが職業倫理規程に反する行為を行った場合は、不動産証券化協会による処分の対象となる。,TRUE,はい、資格認定団体として、協会は認定マスターに対して規程遵守を求めており、違反者には懲戒処分を下すことがあります。
102-1,1,不動産証券化には、実物不動産そのものの証券化だけでなく、不動産担保付ローンの証券化も含まれ、住宅ローンの証券化商品は、略称でCMBSと呼ばれる。,FALSE,住宅ローンの証券化商品はRMBS（Residential Mortgage Backed Securities）と呼ばれます。CMBSは商業用不動産（Commercial）ローンを裏付けとするものです。
102-1,2,日本の不動産証券化市場は、1990年代後半から急速な成長を遂げ、2023年6月には、運用資産額ベースで、J-REITは約22兆円、私募ファンド（私募REITを含む）は約33兆円の規模にまで成長した。,TRUE,はい、日本の不動産証券化市場は着実に成長を続け、現在では合計で50兆円を超える大規模な市場となっています。
102-1,3,私募REITは、所有している不動産価格を基準に投資口価格が評価されるため元本変動リスクが少なく、J-REITと比べて流動性は高くなっている。,FALSE,私募REITは証券取引所に上場していないため、いつでも売買できるJ-REITと比較して流動性（換金性）は劣ります。
102-1,4,経済性（Economy）、社会（Social）、ガバナンス（Governance）を重視するESG投資の普及は、不動産証券化市場のサステナブルな成長にも寄与することが見込まれる。,FALSE,ESGの「E」は、経済性（Economy）ではなく、環境（Environment）の頭文字です。
102-2,1,レバレッジ効果とは、外部の低利な資金を借入等で取り入れることにより、エクイティ投資家の出資分に対する利回りが上昇することをいう。,TRUE,その通りです。自己資金と借入金の金利差（イールドギャップ）を利用して、自己資金に対する投資効率を高める効果を指します。
102-2,2,不動産証券化における不動産の適正価格とは、積算法で求めた市場価格（時価）のことである。,FALSE,不動産証券化で重視されるのは、その不動産が生み出す将来の収益を基に評価する「収益還元法」による価格です。
102-2,3,利益相反リスクは、スキーム上や実務上の工夫により可能な限り回避する仕組みの構築が求められるが、投資家や市場による監視や選別も一定の抑止力となる。,TRUE,はい、法律やルールによる規制だけでなく、市場参加者によるチェック機能も、利益相反を抑制する上で重要な役割を果たします。
102-2,4,倒産隔離の確保では、SPVに不動産の証券化以外の行為を禁止すると同時に、SPVの社員や株主が倒産申立てなど、オリジネーターに不利な議決権を行使できないようにする。,FALSE,議決権の行使を制限するのは、オリジネーターのためではなく、そのSPVに出資する「投資家」に不利にならないようにするためです。
102-3,1,資産流動化型スキームは、最初に不動産を特定してスキーム組成時の目論見通りに信託銀行などが当該物件の維持管理を行う静的な仕組みであり、その特徴を「モノありき」と表現することもある。,TRUE,はい、特定の資産（モノ）を証券化の対象として組成されるため、運用期間中に資産を入れ替えることは基本的に想定されていません。
102-3,2,私募REITは非上場のオープンエンド型の不動産投資法人であり、一定の条件の下で出資金の払戻しなどを認めて流動性を確保している。,TRUE,その通りです。上場していない代わりに、投資家からの請求に応じて投資法人が直接投資口を買い取る（払い戻す）ことで換金性を担保しています。
102-3,3,特定目的会社（TMK）は、資産流動化法に基づき、資産を証券化するためだけに設立されるビークルであり、一定の要件を満たせば支払配当が損金算入できるなどの優遇措置を受ける。,TRUE,はい、利益のほぼ全額を配当することなどを条件に、法人税が実質的に課税されない導管体（パススルー）としての税制優遇が認められています。
102-3,4,賃貸オフィスビルや賃貸マンションなど収益不動産向けのノンリコースローンを裏付けに発行される証券化商品を略称でRMBSという。,FALSE,賃貸オフィスビルはCMBS（Commercial Mortgage-Backed Securities）に含まれる。RMBSは住宅（Residential）ローンを裏付けとしています。
102-4,1,大規模な開発型証券化では、プロジェクト全体を統制するプロジェクトマネジメントや、建設に関わるファシリティマネジメントが導入されるケースが多い。,FALSE,建設に関わるマネジメントは、ファシリティマネジメント（施設管理）ではなく、コンストラクションマネジメント（建設管理）です。
102-4,2,不動産のデューデリジェンスでは、対象不動産の耐震性や土壌汚染、アスベストの有無、長期修繕の必要性など、専門性の高い技術的事項に関する「エンジニアリングレポート」が重要な報告書となっている。,TRUE,その通りです。エンジニアリングレポートは、不動産の物理的なリスクを評価し、投資判断や将来の費用予測の基礎となる重要な資料です。
102-4,3,J-REITによる海外不動産投資は、2008年の規則改正で可能になったが、これまでのところ行われていない。,FALSE,数は少ないですが、イオンリート投資法人がマレーシアの商業施設を取得するなど、J-REITによる海外不動産投資の実績はあります。
102-4,4,不動産証券化協会が作成・公表するARES Japan Property Indexは、不動産マーケット全体をカバーする不動産投資インデックスである。,FALSE,このインデックスはJ-REITや私募ファンドが保有する不動産を対象としており、日本に存在する全ての不動産マーケットをカバーしているわけではありません。
102-5,1,国土交通省が示した「宅地建物取引業者による人の死の告知に関するガイドライン」（2021年10月）が取り扱う対象はオフィス等商業用不動産である。,FALSE,このガイドラインが対象とするのは、人の居住の用に供する「居住用不動産」です。
102-5,2,宅地建物取引業法上、専任媒介契約あるいは専属専任媒介契約を締結した宅地建物取引業者は一定の事項を指定流通機構に登録しなければならない。,TRUE,はい、広く他の宅建業者に情報を公開し、円滑な取引を促進するために、指定流通機構（レインズ）への物件登録が義務付けられています。
102-5,3,不動産の権利関係の公示制度として不動産登記制度が用いられているが、不動産登記に公信力はないと考えるのが通常である。,TRUE,その通りです。登記情報を信じて取引したとしても、その登記が真実の権利関係と異なっていた場合、保護されない（公信力がない）のが日本の制度です。
102-5,4,不動産売買の際、買主が売主に対して自らの所有権を対抗するためには、所有権の移転の登記を行っている必要がある。,FALSE,所有権移転登記は、売主以外の第三者（例：二重譲渡の相手方など）に対して所有権を主張（対抗）するための要件です。当事者である売主に対しては、登記がなくても所有権を主張できます。
102-6,1,市街化調整区域は、開発を抑制する区域であるため、原則として、1000㎡以上の開発行為を行う場合に限り行政庁の許可が必要となる。,FALSE,市街化調整区域では、開発を厳しく抑制するため、原則として規模に関わらず全ての開発行為に行政庁の許可が必要です。
102-6,2,民法ではいわゆる袋地通行権が認められており、判例によれば、この権利に基づき建築基準法上の接道義務を満たすに足りる土地利用を当然に請求できる。,FALSE,袋地通行権は、あくまで公道に出るための最低限の通行を認める権利であり、建築基準法の接道義務を満たす幅員の道路開設までを当然に認めるものではありません。
102-6,3,不動産投資顧問業登録規程における総合不動産投資顧問業者はいわゆる投資一任業務と投資助言業務の双方を行うことができる。,TRUE,はい、「総合」不動産投資顧問業者は、投資家から投資判断の全てを任される「投資一任業務」と、助言のみを行う「投資助言業務」の両方を行うことができます。
102-6,4,賃貸住宅の管理業務等に関する法律によれば、200戸未満の賃貸住宅を管理するものであっても要件を満たせば賃貸住宅管理業者として登録できる。,TRUE,管理戸数が200戸以上の事業者には登録が義務付けられていますが、200戸未満の事業者でも任意で登録することが可能です。
102-7,1,銀行等の金融機関を介した金融を直接金融、証券市場で株式・社債等を発行して資金調達することを間接金融と呼ぶ。,FALSE,説明が逆です。銀行などを介するものが「間接金融」、企業が市場から直接資金を調達するのが「直接金融」です。
102-7,2,金融市場において、市場参加者の間で相対で取引がなされるのは店頭市場である。,TRUE,はい、取引所を介さずに当事者間で直接取引を行う市場を店頭市場（OTC市場）と呼びます。
102-7,3,オプション取引は、ある商品を、将来の一定期日までに、あらかじめ定める価格（権利行使価格）で売り付け（プット）又は買い付け（コール）する権利の取引である。,TRUE,その通りです。「買う権利」がコールオプション、「売る権利」がプットオプションです。
102-7,4,イールドカーブ（利回り曲線）は、通常は順イールド（長期金利＞短期金利）だが、金利低下期待が高まると逆イールド（長期金利＜短期金利）になることがある。,TRUE,はい、将来の景気後退や金融緩和が予測される局面では、短期金利よりも長期金利が低くなる「逆イールド」現象が発生することがあります。
102-8,1,株式を証券取引所に上場させるには、「上場審査基準」に適合していれば上場適格と判断され上場される。,FALSE,形式的な基準への適合だけでなく、企業内容の開示体制が整っているかなど、実質的な審査も行われます。
102-8,2,株式は、上場すると不特定多数の投資家により売買されるようになるため、上場は株式公開とも呼ばれ、市場への最初の株式供給という意味でIPOともいう。,TRUE,はい、IPOはInitial Public Offeringの略で、新規株式公開を意味します。
102-8,3,上場株式の流通量が不足した場合や、会社が破綻状態となった場合などは、上場廃止基準に基づき上場廃止の措置が取られる。,TRUE,その通りです。投資家保護や市場の公正性を保つため、取引所が定める基準に抵触した場合は上場廃止となります。
102-8,4,貸借取引とは、顧客が委託保証金を預託し、証券会社から資金や証券を借りて売買を行う取引である。,FALSE,これは「信用取引」の説明です。貸借取引は、証券会社が信用取引に必要な資金や株券を証券金融会社から調達する取引を指します。
102-9,1,額面100円、クーポン1.0％の債券を95円で購入し、5年後に100円で償還を受けた場合の単利の最終利回りは、約2.11%である。,TRUE,計算式：[1円 + (100円 - 95円) ÷ 5年] ÷ 95円 × 100 ≒ 2.11% となります。
102-10,1,銀行の信用創造機能により創り出された派生的預金は、支払準備率が低いほど小さくなる。,FALSE,支払準備率が低いほど、銀行はより多くのお金を貸し出すことができ、信用創造機能が活発になるため、派生的預金は「大きく」なります。
102-10,2,バーゼルⅡの自己資本比率算出に際しては、システム障害により銀行が損失を被るリスクは除外されている。,FALSE,システム障害や事務ミス、不正行為などによって損失を被る「オペレーショナル・リスク」も、自己資本比率の算出において考慮すべきリスクに含まれます。
102-10,3,信託銀行は信託業務を兼営している銀行であり、預金業務や貸金業務は行っていない。,FALSE,信託銀行は、信託業務に加えて、通常の銀行と同様に預金業務や貸付業務などの銀行業務も行っています。
102-10,4,狭義の不動産信託は、不動産の管理を主目的とする管理信託と、不動産の処分及び代金回収を目的とする処分信託がある。,TRUE,その通りです。これらは不動産信託の基本的な類型です。
102-11,1,PFI事業では、銀行団はプロジェクトファイナンスの手法で事業主体のSPV宛に資金を提供し、公共部門と銀行団の間であらかじめ直接契約を結んでおくことが多い。,TRUE,はい、このスキームにより、銀行団は事業の安定性を確保し、公共部門は民間の資金とノウハウを活用して効率的な公共サービスを提供できます。
102-12,1,国内機関投資家の多くは、不動産の経営をアセットマネジャー等の第三者に委託せず、自ら行っているケースが多い。,FALSE,不動産の所有と経営の分離が進んでおり、機関投資家の多くは専門家であるアセットマネジャー等に不動産の経営・運用を委託しています。
102-12,2,生命保険会社では、国内確定利付資産（国債、地方債、社債）の運用資産に占める割合は2023年3月末時点で40%を上回っている。,TRUE,はい、2023年3月末時点で約49.7%となっており、将来の保険金支払いに備えるため、安定的な確定利付資産を中心に運用されています。
102-12,3,国内年金基金の不動産投資では、J-REITへの投資実績を持つ基金が多く、2022年の調査では「投資済」との回答が50%を超えた。,FALSE,2022年の調査によれば、国内年金基金でJ-REITに「投資済」と回答した割合は10%にとどまっています。
102-12,4,わが国の公的年金であるGPIFは世界有数の資産規模を有するが、不動産の運用資産規模は海外基金と比べて小さいものとなっている。,TRUE,はい、GPIFは伝統的な資産（株式、債券）を中心とした運用を行っており、不動産を含むオルタナティブ資産への投資割合は海外の主要な年金基金と比較して低い水準です。
102-13,1,海外機関投資家で、不動産運用資産額において上位を占めるのは、年金基金、保険会社、SWF（ソブリン・ウェルス・ファンド）、投資銀行などである。,FALSE,不動産運用資産額の上位を占めるのは主に長期投資家である年金基金やSWFなどであり、投資銀行は含まれません。
102-13,2,SWF（ソブリン・ウェルス・ファンド）は、欧米の大型不動産取引で名を連ねているが、日本での投資実績はまだない。,FALSE,シンガポールのGICや中国のCICといったSWFは、過去に都内の大型オフィスビルや複合施設を取得するなど、日本でも活発な投資実績があります。
102-13,3,グローバルに不動産投資を行っている海外の大規模年金基金は、各国の年金制度の一部ではあるが、日本の国民年金に類似する基礎年金や社会保障年金でないものも多い。,TRUE,はい、公務員や特定の職域の年金など、日本の共済年金に近い制度の基金が多く見られます。
102-13,4,国内の不動産投資市場において、海外投資家は、金融危機後の回復期に資金供給者として影響力を発揮し、新たなアセットの普及や運営ノウハウの提供などにも寄与してきた。,TRUE,その通りです。特に1990年代後半の金融危機後やリーマンショック後の市場回復期において、海外投資家は重要な役割を果たしてきました。
102-14,1,GPIFによる最大の不動産投資先は欧州であり、この状態は世界の不動産の時価構成を考えると違和感がない。,FALSE,世界の不動産時価総額で最大の割合を占めるのは米国です。
102-14,2,地共連の日本への投資比率はGPIFより高いが、これは地共連がGPIFより後から不動産投資を開始したためであり、日本から開始した後に海外へという拡大方向を考えると適切と思われる。,TRUE,はい、不動産投資を開始する際、まずは馴染みのある自国市場から始めるのが一般的であり、その投資開始時期の違いがポートフォリオの国別配分に表れていると考えられます。
102-14,3,用途別の配分を見ると、地共連はオフィスへの配分が最大であり、これは、新型コロナウイルス感染症が拡大するずっと以前から、不動産投資の拡大に積極的に取り組んでいたためと考えられる。,FALSE,地共連の不動産投資は比較的近年に開始されたものであり、長期間にわたって積極的に取り組んできたという事実はありません。
102-14,4,産業・物流施設は、新型コロナウイルス感染症の影響を受けたリモート勤務やEC利用の拡大によって、GPIFと地共連の両者の投資が大きく拡大したセクターであると言って良い。,TRUE,はい、コロナ禍におけるライフスタイルの変化はEC市場を急拡大させ、物流施設は不動産投資の主要なセクターの一つとして注目度が高まりました。
102-15,1,確定給付企業年金による不動産投資は、主として私募REITや私募ファンドであり、一部にCMBSなどを組み入れる例も見られる。,TRUE,はい、非上場で価格変動が相対的に安定している私募ファンドや私募REITが、確定給付年金の投資対象として主に選択されています。
102-15,2,確定拠出企業年金やiDeCoにおいて不動産投資を可能とするためには、上場REITを組み入れ対象とする公募投信を商品ラインナップに設定する必要がある。,TRUE,その通りです。個人が運用商品を選択する確定拠出年金では、流動性が高く日々価格が公表される上場REITを組み入れた投資信託が提供されています。
102-15,3,企業年金が不動産投資を行う最大の目的は、低流動性資産への投資を通じて保有資産の時価変動を抑制することにある。,FALSE,最大の目的は、株式や債券といった伝統的資産とは異なる値動きをすることによる分散効果や、安定したインカム収益の獲得にあります。
102-15,4,企業年金は受託者責任を果たすために、不動産を投資対象に含める場合には「運用の基本方針」に投資対象として明記しておく必要がある。,TRUE,はい、年金加入者に対して負う受託者責任の一環として、どのような資産に投資するのかを定めた基本方針を策定し、それに従って運用を行う必要があります。
104-16,1,SPCの倒産隔離には、SPC自体に倒産原因が発生しないようにするための措置があるが、実際の運営においてSPC自体に倒産原因が発生しないような完全な仕組みを作ることはできない。,TRUE,はい、SPCの事業目的を限定するなどの措置は取られますが、テナントの倒産や災害など、外部要因による倒産リスクを完全に排除することはできません。
104-16,2,合同会社（GK）は不動産の信託受益権を保有する媒体としてのみ利用されており、現物不動産を保有する仕組みは存在しない。,FALSE,GK-TKスキームなどで、合同会社が特別目的会社として現物不動産を直接保有する仕組みも可能です。
104-16,3,投資法人と特定目的会社は、それぞれの設立準拠法により設立されると、それだけで倒産隔離がされた法人となる。,FALSE,設立されただけでは倒産隔離はなされません。定款での事業目的の限定や、倒産申立権の放棄誓約など、様々な手当てを組み合わせることで倒産隔離を実現します。
104-16,4,SPCに対して倒産手続き開始の申立てをすることのできるSPCの役員や債権者から、当該SPCに対して倒産手続き開始の申立てをしないことを誓約する書面を取得する方法は、SPCの倒産隔離を図るための有力な手段である。,TRUE,その通りです。これは倒産手続の開始を未然に防ぐための実務上重要な手続きであり、倒産申立権放棄誓約書と呼ばれます。
104-17,1,不動産証券化における売主からの倒産隔離とは、売主が数年内に倒産する確率がどの程度であるかを見極めることである。,FALSE,売主からの倒産隔離の本質は、売主の倒産確率を予測することではなく、SPCへの資産の所有権が法律上・会計上完全に移転しているか（真正売買）を確保することです。
104-17,2,対象不動産等の売主の財務状況が良好な場合でも、当該売主が、対象不動産等をSPCに譲渡した後も当該SPCに対して何らかの継続的関与を行う場合には、法律上の真正売買性が問題となることがある。,TRUE,はい、例えば売主が将来その不動産を買い戻す権利（コールオプション）を持っている場合などは、実質的に担保取引と見なされ、真正な売買と認められない可能性があります。
104-17,3,売主がSPCに対象不動産等を譲渡する場合の法律上の真正売買性と会計上のオフバランスの問題は、それぞれ個別に検討され、結論付けられる。,FALSE,両者は理論的には別の議論ですが、証券化の実務においては、会計上オフバランスが認められるためには法律上の真正売買が成立していることが前提となるなど、密接不可分の関係にあります。
104-17,4,不動産の売買契約時及び決済時に売主が倒産原因を有していない場合でも、売買代金が不相当に安い場合には、決済後に当該売主の債権者が詐害行為取消権を行使する可能性に留意すべきである。,TRUE,その通りです。著しく低い価格での売買は、売主の他の債権者の利益を害する行為（詐害行為）として、後から取り消されるリスクがあります。
104-18,1,現物不動産を所有するオリジネーターが不動産を買主に譲渡した場合、既存テナントは、その賃借権の対抗要件を具備していなくとも、買主との関係で、賃借人の地位を引き続き有することになる場合がある。,TRUE,はい、民法第605条の3に基づき、売主と買主の間で賃貸人たる地位を移転する合意があれば、対抗要件のないテナントも保護されます。
104-18,2,現物不動産を所有するオリジネーターが不動産を買主に譲渡した場合、買主は、所有権移転の対抗要件を具備せずとも、賃貸人としての権利を既存テナントに対して行使できる。,FALSE,買主が賃貸人としての地位をテナントに主張（対抗）するためには、不動産の所有権移転登記を完了している必要があります。
104-18,3,現物不動産を所有するオリジネーターが不動産を買主に譲渡する際に、オリジネーターが既存テナントに対する賃貸人の地位を留保し、買主から対象不動産を賃借する合意をすることで、テナントの承諾なく賃貸借契約を存続させることができる。,TRUE,はい、これは民法第605条の2第2項に定められた方法で、マスターリース契約などで利用されます。
104-18,4,オリジネーターが賃貸人の地位を留保する形で不動産を譲渡した後、オリジネーターが買主との賃貸借契約で債務不履行により契約解除されると、既存テナントは賃借権を所有者である買主に対抗できなくなる。,FALSE,この場合、オリジネーター（転貸人）の契約が終了しても、既存テナント（転借人）の地位は保護され、賃貸人たる地位が買主に移転します。
104-19,1,信託不動産の管理処分について受益者が指図する場合、受益者は指図権者として信託受託者のために忠実に指図を行わなければならない。,FALSE,信託業法上の指図権者は、受託者のためではなく、「受益者のために」忠実に指図を行う義務（忠実義務）を負います。
104-19,2,SPCが不動産信託受益権を取得した場合、SPCは不動産登記上の信託登記に受益者として表示されないと第三者に当該信託受益権の取得を対抗できない。,FALSE,信託受益権の譲渡における第三者対抗要件は、不動産登記ではなく、受託者への確定日付ある証書による通知、または受託者の承諾です。
104-19,3,オリジネーターが信託受益権を分割して50名以上の複数の投資家に販売する場合、オリジネーターは自己信託業の登録をする必要がある。,FALSE,これは信託会社等に信託する「他益信託」であり、オリジネーター自身が受託者になる「自己信託」ではないため、自己信託業の登録は不要です。
104-19,4,土地のみを信託財産とする信託受託者が、建物を新築する工事請負契約の発注者となった場合、請負人は未払い代金の回収のため、信託財産に強制執行をすることはできる。,TRUE,はい、この場合の工事代金支払債務は信託事務の処理として発生した「信託財産責任負担債務」となり、請負人は信託財産に対して強制執行が可能です。
104-20,1,投信法は、投資法人の重要な資産の売買を役員会の決議事項と明記している。,FALSE,株式会社の取締役会とは異なり、投信法の役員会には「重要な財産の処分」などを決議事項とする明確な規定はありません。
104-20,2,特定目的会社が特定資産として現物不動産を保有する場合、特定資産管理処分受託者に業務を委託すれば、当該不動産を信託する必要はない。,TRUE,その通りです。現物不動産の場合、信託する代わりに、一定の要件を満たした専門業者に管理・処分業務を委託することが認められています。
104-20,3,投資法人は使用人を雇用できないが特定目的会社は可能であり、特定目的会社の取締役は自由に有価証券の投資判断ができるが、投資法人の役員会にはその自由がない。,TRUE,はい、投資法人は資産運用を外部の資産運用会社に必ず委託しなければならず、自ら投資判断を行うことは想定されていません。
104-20,4,TMKの特定社員と投資法人の投資主の議決権の行使については、定款や規約でみなし賛成の規定を置くことができる。,FALSE,特定目的会社（TMK）において、みなし賛成制度が適用されるのは特定社員ではなく「優先出資社員」の議決権行使についてです。
104-21,1,主として不動産に対する投資を行う登録投資法人の資産の運用を行う資産運用会社は、金商法上の投資一任契約に基づく運用行為をするための登録をする必要がある。,FALSE,投資法人と資産運用会社が締結するのは「投資一任契約」ではなく、「資産の運用に係る委託契約」です。
104-21,2,投資法人の役員は、執行役員は1名、監督役員は2名という員数の制限があり、執行役員が監督役員を兼任することはできない。,FALSE,執行役員は1名以上であればよく、上限はありません。また、監督役員の数は「執行役員の員数＋1」名以上と定められています。
104-21,3,投資法人が不動産信託受益権を取得しようとする場合、資産運用会社は、必ず取得前に、利害関係人等ではない不動産鑑定士による鑑定評価を取得しなければならない。,FALSE,鑑定評価の取得は、資産取得の後でも認められる場合があります。必ずしも事前である必要はありません。
104-21,4,投資法人が資産運用会社に支払う資産運用報酬の額を変更する場合には、投資法人の投資主総会の決議を必要とする。,TRUE,資産運用報酬は投資法人の規約で定められており、規約の変更は投資主総会の特別決議事項であるため、総会の承認が必要です。
104-22,1,不特法上の組合契約型の不特契約において、組合員の有する権利はすべて、金商法上の集団投資スキーム持分から除外されている。,FALSE,倒産隔離型の特例事業における組合契約上の権利は、例外的に金商法上の「みなし有価証券」（集団投資スキーム持分）に該当します。
104-22,2,任意組合の業務執行組合員が、出資金で現物不動産を特定資産とするTMKの優先出資証券を取得することは、金商法上の自己運用行為に該当しない。,FALSE,優先出資証券は有価証券であり、組合員から集めた資金で有価証券投資を行うことは、金商法上の「自己運用行為」に該当します。
104-22,3,匿名組合の営業者が、匿名組合契約の締結勧誘や、保有する不動産信託受益権の販売勧誘を行う場合、いずれも第二種金融商品取引業者に勧誘の全てを委託すると、自らは登録が不要となる場合がある。,TRUE,はい、自己私募や有価証券の売買といった金融商品取引行為も、その「勧誘」の全てを登録業者に委託すれば、自らは業登録が不要となる場合があります。
104-22,4,投資事業有限責任組合の有限責任組合員は、登記上も有限責任組合員として登記した場合に限り、有限責任を第三者に対抗できる。,FALSE,有限責任組合員の氏名や住所は登記事項ではありません。無限責任組合員が登記されていることをもって、それ以外の組合員が有限責任であることを第三者に主張します。
104-23,1,金商法施行以降、宅建業者が自ら保有する宅地建物を信託受益権にして第三者に売却する場合、金商法上の金融商品取引業者としての登録が必要になった。,FALSE,当初の信託設定者（委託者）が自ら受益権を販売する行為は、金融商品取引業には該当しないと整理されており、登録は不要です。
104-23,2,不特法上の特例事業者が締結する組合契約型の不特契約の媒介を行う業者が、資本金10億円の株式会社に勧誘する場合、金商法上のオプトアウト告知をする義務はない。,FALSE,資本金5億円以上の法人は「特定投資家」に該当しますが、一般投資家への移行（オプトアウト）が可能です。そのため、金融商品取引業者は事前にオプトアウトの意思を確認する告知義務を負います。
104-23,3,いわゆる二層構造のスキームにおいて、親ファンド（適格機関投資家特例業務届出済）が子ファンド（不動産信託受益権に投資）に匿名組合出資をする場合、子ファンドが投資運用業の登録義務から除外される方法がある。,TRUE,はい、一定の要件を満たす二層構造のファンドの場合、子ファンドは自己運用行為に係る金融商品取引業の登録が免除される特例があります。
104-23,4,現物不動産に投資する合同会社が社員持分を発行する仕組みでは、不特法や金商法の投資運用業の規制は受けないが、社員の勧誘行為は金商法、金融サービス法、消費者契約法の適用を受ける場合がある。,TRUE,その通りです。合同会社の社員権は金商法上の「みなし有価証券」に該当する場合があり、その勧誘は各投資家保護法の規制対象となります。
104-24,1,不特法上の特例事業で匿名組合型の不特契約の締結をして事業参加者となる者が500人以上となるような勧誘行為は、金商法上の有価証券の募集（公募）の取扱いに該当する。,FALSE,不特法の特例事業で発行される権利は、有価証券投資を目的としないため「有価証券投資事業権利等」には該当せず、金商法上の公募の対象とはなりません。
104-24,2,不特法上の第二号事業者は、相手方が金商法上の特定投資家の場合、金融サービス法上の重要事項の説明を行う必要がないので、オプトイン手続きをした上で説明を省略できる。,FALSE,このケースの契約は金商法の対象外であるため、そもそも特定投資家への移行（オプトイン）という手続き自体が存在しません。
104-24,3,証券会社が個人に投資法人の投資口の取得を勧誘する際に断定的判断の提供を行った結果、当該個人が投資口を取得した場合、当該個人は投資口の取得に係る意思表示の取消しに制限を受けることはない。,FALSE,会社法や消費者契約法により、投資口の引受けに関する意思表示の取消しは、一定期間が経過した後などは制限されます。
104-24,4,事業者ではない個人が、事業者から「1年後に1割価格が上がる」という断定的判断の提供を受けて不動産信託受益権を購入した場合、消費者契約法上の取消権を行使できる。,TRUE,はい、将来の変動が不確実な事項について断定的な情報を提供され、それを信じて契約した場合は、消費者契約法に基づき契約を取り消せる可能性があります。
104-25,1,ホテル宿泊業のみを目的とする合同会社がホテル建物を取得し匿名組合契約を締結する場合、敷地を賃借しても不特法上の許可は不要である。,TRUE,はい、このスキームの目的はホテル「事業」からの収益分配であり、「不動産取引」からの収益分配を目的としていないため、不動産特定共同事業には該当しません。
104-25,2,ホテル宿泊業を営む合同会社が適格機関投資家に匿名組合契約締結の勧誘をする場合、適格機関投資家等特例業務の届出をすればよいが、その際、適格機関投資家にオプトアウト告知をしなければならない。,FALSE,適格機関投資家は、一般投資家への移行（オプトアウト）が認められていないため、オプトアウトの告知義務はありません。
104-25,3,A社が「GK-TKスキームでホテル不動産に投資する」というスキームの策定や業者選定を合同会社に助言するためには、金商法上の助言業務の登録が必要となる。,FALSE,このようなスキーム全体を考案・提案する「アレンジ業務」は、金商法上の投資助言・代理業には該当せず、登録は不要です。
104-25,4,A社がGK-TKスキームを前提として投資家に匿名組合出資の勧誘を行う行為は、GKが設立されていない段階であれば、金商法上の私募の取扱いをしたことにはならない。,FALSE,SPC（GK）の設立前であっても、具体的なスキームを前提として出資を勧誘する行為は、実質的に私募の取扱いに該当すると解釈されています。
104-26,1,宅建業者が保有する不動産を信託し、その受益権を自ら投資家に反復継続して販売するときは、金商法、宅建業法及び金融サービス法上の説明義務を負う。,FALSE,この場合、金商法上の金融商品取引行為には該当しないため、同法上の説明義務は負いませんが、宅建業法と金融サービス法上の説明義務は負います。
104-26,2,第二種金融商品取引業者でもある宅建業者が、自ら保有する不動産信託受益権を特定投資家に販売する場合でも、適合性のない投資家への勧誘を禁じる金商法第40条第1号の規制の適用は受ける。,FALSE,顧客がプロの投資家である「特定投資家」の場合、適合性の原則の適用は除外されます。
104-26,3,不特法商品の事業参加者が、想定利回りが未達になった場合に不動産特定共同事業者に金銭の提供を約束させる行為は、不特法上禁止されている。,TRUE,はい、これは投資家が事業者に対して損失の補填を要求する行為にあたり、不特法で禁止されています。
104-26,4,消費者契約法では断定的判断の提供の事実だけでは契約取消はできず、金融サービス法では断定的判断の提供の事実だけで損害賠償責任が発生し、元本欠損額を主張立証すれば因果関係なく損害額が推定される。,TRUE,その通りです。消費者契約法では「誤認」したことの立証が必要ですが、金融サービス法では断定的判断の提供自体が損害賠償責任に直結し、損害額の立証も容易になるよう規定されています。
104-27,1,金商法が規定する「有価証券」を業として販売するためには、原則として内閣総理大臣の登録が必要である。,TRUE,はい、有価証券の売買やその媒介・取次ぎなどを業として行うには、第一種または第二種金融商品取引業の登録が必要です。
104-27,2,金商法が規定する有価証券の販売に当たる役職員は、外務員の登録をせずに、みなし有価証券の販売をすることができない。,FALSE,原則として外務員登録は必要ですが、みなし有価証券のみを取り扱う場合など、一定の条件下では外務員登録が不要となる例外があります。
104-27,3,信託受益権・不特契約に基づく出資持分はみなし有価証券であるが、匿名組合・任意組合の出資持分は、原則としてみなし有価証券ではない。,FALSE,匿名組合・任意組合の出資持分も、集団投資スキーム持分として原則的に「みなし有価証券」に該当します。
104-27,4,不動産証券化商品の販売に当たり必要となる登録、許可、届出等を欠いたとしても、刑罰や行政処分の対象となることはない。,FALSE,無登録で金融商品取引業を行うことは、懲役や罰金といった刑事罰の対象となります。
104-28,1,投資運用業の財産要件は金商業4種で最も緩く、最低資本金規制及び最低純資産額規制が課されていない。,FALSE,投資運用業は投資家から資産を預かり運用するため、財産的基礎要件は厳しく、最低資本金・純資産額として原則5000万円が求められます。
104-28,2,総合不動産投資顧問業者としての登録を受けている者でなくとも、不動産関連特定投資運用業を行うことができる場合がある。,TRUE,はい、人的構成などから同等の能力があると認められれば、総合不動産投資顧問業者でなくても登録を受けることが可能です。
104-28,3,投資運用業者が、宅地建物取引業の免許を受けて宅地建物取引業を兼業する場合、内閣総理大臣の承認を受けなければならない。,FALSE,宅建業は「届出兼業」に分類されるため、承認は不要で、事後に内閣総理大臣へ届け出るだけで足ります。
104-28,4,投資運用業者に自主規制団体への加入を強制する法律はないが、自主規制規則に準ずる社内規則を作成していないことは金融商品取引業者の登録拒否要件に当たる。,TRUE,その通りです。自主規制団体への加入は任意ですが、法令遵守体制の整備は登録の必須要件です。
104-29,1,適格機関投資家等特例業務を行う場合には、持分の私募につき第二種金融商品取引業の登録が不要であることのみならず、資産の運用につき投資運用業の登録も不要である。,TRUE,はい、この制度は、プロの投資家を相手にする場合に限り、自己私募（第二種業）と自己運用（投資運用業）の両方の登録を不要とする特例です。
104-29,2,適格機関投資家の範囲には、第一種金融商品取引業者や投資法人、銀行等だけではなく、一定の要件を満たした個人も含まれる。,TRUE,はい、保有する有価証券の残高が10億円以上などの要件を満たし、金融庁に届け出た個人は「適格機関投資家」になることができます。
104-29,3,適格機関投資家等特例業務では、適格機関投資家以外の者を49名以内に限定していれば、一般投資家も相手にすることができる。,FALSE,2015年の法改正により規制が強化され、適格機関投資家以外の投資家（特例業務対象投資家）になれる者の範囲が、一定の資産を持つ法人や個人などに限定されました。
104-29,4,特例業務届出者には、事業年度毎に、事業報告書の内閣総理大臣への提出義務、及び業務や経理の状況を記した説明書類の措置・縦覧義務が生じる。,TRUE,はい、登録が不要な代わりに、これらの情報開示を通じて業務の透明性を確保することが求められます。
104-30,1,金商法において、第一種金融商品取引業者が、発行者等である顧客の非公開情報を親法人等・子法人等と接受することは規制されていない。,FALSE,ファイアウォール規制により、顧客の同意なく非公開情報をグループ会社間で共有することは原則として禁止されています。
104-30,2,個人情報保護法において、個人データを第三者に提供する場合、原則として本人の事前の同意のほか、提供事業者側で記録を要するが、受領事業者側での対応は不要である。,FALSE,提供側だけでなく、データを受領する側も、誰からどのようなデータを受け取ったかなどを確認・記録する義務があります。
104-30,3,インサイダー情報を知った者は、インサイダー取引を実行するだけでなく、他人の利益等のために情報を伝達したり、取引を勧誘したりすることも禁止されている。,TRUE,はい、自ら取引しなくても、重要事実を公表前に他者に伝達したり、取引を推奨したりする行為も規制の対象となります。
104-30,4,適時開示義務のない情報でも、企業が重要な情報を証券会社のアナリスト等に提供した場合、投資家全般への公表が求められるフェアディスクロージャールールが存在する。,TRUE,その通りです。一部の投資家だけが有利にならないよう、重要な未公表情報を特定の第三者に提供した場合は、速やかに広く一般にも公表することが求められます。
104-31,1,投資法人の設立は、募集設立のみならず、発起設立によっても行うことができる。,FALSE,投資法人の設立方法は、広く出資を募る「募集設立」に限定されており、少数の発起人のみで設立する「発起設立」は認められていません。
104-31,2,投資法人は、設立の届出、設立時募集投資口の引受け・払込み、それらに係る役員による調査・創立総会を経て、設立登記により法人として成立する。,TRUE,はい、株式会社の設立手続きに類似したプロセスを経て、設立登記によって法人格を取得します。
104-31,3,資産運用会社は、一定の場合には、投資法人から委託された資産運用業務の全部を外部に再委託することが認められる。,FALSE,資産運用業務の「全部」を再委託することは、責任の所在が不明確になるため禁止されています。一部の再委託は可能です。
104-31,4,投資法人による不動産又は不動産信託受益権の売買時のデューデリジェンスについては、利害関係人等ではない不動産鑑定士の鑑定評価を、事前又は事後に得る必要がある。,TRUE,はい、取引価格の妥当性を確保するため、独立した第三者である不動産鑑定士による鑑定評価の取得が義務付けられています。
104-32,1,私募REITは、通常、投資主から投資法人への請求による払戻しを認めるオープンエンド型となっている。,TRUE,はい、上場市場での売買ができない代わりに、投資法人自身が投資口の払戻しに応じることで、投資家の換金ニーズに対応しています。
104-32,2,投資主の請求により投資口の払戻しをしない旨の規約の定めがある投資法人（クローズドエンド型）は、投資法人債を発行できない。,FALSE,J-REITのようなクローズドエンド型の投資法人は、投資法人債を発行することができます。
104-32,3,私募REITは非上場のため通常は投資口価格の短期的変動がないという特徴がある。,TRUE,はい、投資口の基準価額は、保有不動産の鑑定評価額などを基に定期的に算出されるため、日々の市場価格の変動はありません。
104-32,4,私募REITでは投資証券の存在は避けられないが、実務上は投資主の請求があるまでは投資証券を発行しないこととされている。,TRUE,その通りです。法律上、投資口の譲渡には投資証券の交付が必要ですが、オープンエンド型の私募REITでは規約で定めることにより、請求があるまで証券を不発行とすることができます。
104-33,1,上場不動産投資法人Aが、その資産運用会社Bの親法人Cに不動産を売却する場合、資産運用会社Bは、この取引に先立ち、投資信託協会から事前に取引の承認を受けなければならない。,FALSE,投資信託協会の自主規制ルールには、このような取引の事前承認を求める規定はありません。
104-33,2,上場不動産投資法人Aが、その資産運用会社Bの親法人Cに不動産を売却する場合、資産運用会社Bは、この取引に先立ち、原則として投資法人Aの同意をあらかじめ得なければならない。,TRUE,はい、これは投資主の利益を保護するための利益相反取引規制の一環として、投信法で定められています。
104-33,3,上場不動産投資法人Aが、その資産運用会社Bの親法人Cに不動産を売却する場合、資産運用会社Bは、取引後、Bの役職員の立場にある不動産鑑定士に対象不動産の鑑定評価を行わせなければならない。,FALSE,客観性を担保するため、鑑定評価は資産運用会社の役職員など、利害関係者ではない「外部」の不動産鑑定士に依頼する必要があります。
104-33,4,上場不動産投資法人Aが、その資産運用会社Bの親法人Cに不動産を売却する場合、資産運用会社Bは、取引後、原則として6ヶ月以内に取引報告書面を投資法人Aに交付しなければならない。,FALSE,取引報告書面は、6ヶ月以内といった猶予はなく、「遅滞なく」交付する必要があります。
104-34,1,J-REITにおけるインサイダー取引にあたるか否かは、未公表の重要事実を知った上での取引かどうかで形式的に判断され、個別の事情は影響を与えない。,TRUE,はい、利益を得る意図があったか否かに関わらず、「重要事実を知って、公表前に売買する」という行為自体が規制の対象となります。
104-34,2,J-REITにおけるインサイダー取引規制の対象となる会社関係者には、その投資法人の資産運用会社の役員等も含まれる。,TRUE,その通りです。J-REITは外部委託型の構造であるため、運用を行う資産運用会社の役職員も「会社関係者」として規制対象に含まれます。
104-34,3,J-REITにおけるインサイダー取引規制の対象となる重要事実には、その投資法人の資産運用会社についての決算予想の修正も含まれる。,FALSE,インサイダー取引規制の対象となる重要事実は、あくまで上場している「投資法人」に関するものであり、その運用会社の決算事実は含まれません。
104-34,4,J-REITにおけるインサイダー取引規制に違反した場合の罰則は、個人だけでなく法人にも科される場合がある。,TRUE,はい、従業員が会社の業務としてインサイダー取引を行った場合などには、行為者である個人だけでなく、法人も罰せられる両罰規定が設けられています。
104-35,1,不動産の譲渡に関しては、企業会計基準第29号「収益認識に関する会計基準」が常に適用される。,FALSE,通常の営業活動による販売の場合は「収益認識に関する会計基準」が適用されますが、資産の流動化（証券化）を目的とした譲渡などでは、他の会計基準が適用されます。
104-35,2,会計上の不動産の譲渡の成立の可否の判断にあたっては、関係会社間以外の譲渡に関しても、「関係会社間の取引に係る土地・設備等の売却益の計上についての監査上の取扱い」が判断基準の一つとして考慮される。,TRUE,はい、この監査委員会報告は、関係会社間取引に関するものですが、その判断基準は関係会社以外の取引においても実務上の参考とされています。
104-35,3,不動産の譲渡の判断にあたっては、財務構成要素アプローチとリスク・経済価値アプローチのいずれの考え方も認められている。,FALSE,不動産の譲渡においては、資産全体のリスクと経済価値のほとんどが移転しているかを判断する「リスク・経済価値アプローチ」が用いられます。
104-35,4,不動産の信託受益権の譲渡の判断にあたっては、有価証券と同様に、「金融商品に関する会計基準」が適用される。,FALSE,不動産の信託受益権は、実質的に不動産そのもののリスクと経済価値を移転するものであるため、有価証券とは異なり、「リスク・経済価値アプローチ」によって判断されます。
104-36,1,譲渡人が譲渡した不動産に対して継続的に関与していると認められる場合には、不動産のリスクと経済価値が他の者に移転していない可能性がある。,TRUE,はい、例えば売却後も譲渡人が賃借人として不動産を使い続ける場合（セール・アンド・リースバック）などは、実質的に所有権が移転していないと判断されることがあります。
104-36,2,譲渡人が譲渡不動産の対価として特別目的会社の発行する証券等を有している場合でも、譲渡人のリスク負担割合が概ね5%の範囲内であれば、リスクと経済価値のほとんどすべてが他の者に移転しているものとして取り扱われる。,TRUE,その通りです。譲渡人のリスク負担がごく僅かであれば、実質的に資産は売却されたものとして会計処理が認められます。
104-36,3,匿名組合契約を用いた流動化スキームにおいて、匿名組合員に対して配当金の支払留保が行われる場合に生じる未払配当金は、リスク負担割合の計算上リスク負担には該当しない。,TRUE,はい、未払配当金は確定した債務と見なされ、譲渡人が負担するリスクには含まれません。
104-36,4,譲渡人がセール・アンド・リースバック取引により、継続的に譲渡不動産を使用している場合には、いかなる場合においても不動産の譲渡が売却取引として認められることはない。,FALSE,リースバック取引が実質的に賃貸借取引（オペレーティング・リース）と判断され、譲渡人が適正な賃料を支払う場合などには、売却取引として認められることがあります。
104-37,1,連結財務諸表に関する会計基準において、他の企業の意思決定機関を「支配」している企業を「親会社」といい、議決権の「100分の40以上」を所有し一定の要件を満たす場合も含まれ、その要件には「緊密な関係」がある者との議決権を合わせるケースが含まれる。,TRUE,はい、連結の範囲を決定する支配力基準では、議決権の所有割合だけでなく、役員の派遣状況や取引関係なども含めて実質的に判断されます。
104-38,1,連結財務諸表に関する会計基準において、特別目的会社については、一定の要件を満たすときは、当該特別目的会社に出資している企業の子会社に該当しないものと推定することとされている。,FALSE,この規定は、特別目的会社に「資産を譲渡した企業」についてのみ適用されるもので、出資している企業全般に適用されるわけではありません。
104-38,2,連結財務諸表に関する会計基準では、投資事業組合は、子会社又は関連会社の範囲に含まれることはないとしている。,FALSE,投資事業組合であっても、実質的に支配していると判断されれば、子会社または関連会社として連結の範囲に含まれます。
104-38,3,「一定の特別目的会社に係る開示に関する適用指針」において、「開示対象特別目的会社」とは、子会社に該当するものとされている特別目的会社と、連結会計基準7-2項において子会社に該当しないものと推定された特別目的会社をいう。,FALSE,子会社に該当しない特別目的会社のうち、連結会計基準7-2項によらないものも「開示対象特別目的会社」に含まれます。
104-38,4,開示対象特別目的会社の概要や取引金額等は、連結財務諸表に注記しなければならない。ただし、重要性が乏しいものは注記を省略することができる。,TRUE,その通りです。投資家が企業の財政状態を正しく理解できるよう、連結財務諸表の外にある特別目的会社との取引についても注記が求められます。
104-39,1,リース取引に関する会計基準によると、所有権移転外ファイナンス・リース取引に該当するものであれば、売買処理を行わず賃貸借処理によって会計処理を行うことができる。,FALSE,現在の会計基準では、所有権移転外ファイナンス・リース取引であっても、原則として資産と負債を計上する「売買処理」を行う必要があります。
104-39,2,リース取引に関する会計基準の適用指針において、現在価値基準とは、「解約不能のリース期間中のリース料総額の現在価値が、当該リース物件を借手が現金で購入するものと仮定した場合の合理的見積金額の概ね90%以上であること」と定義されている。,TRUE,はい、これはリース取引がファイナンス・リースに該当するかどうかを判断するための客観的な基準の一つです。
104-39,3,リース取引に関する会計基準によれば、リースの借手は全てのリース取引を使用権資産として貸借対照表に計上しなければならないとされている。,FALSE,これは国際会計基準（IFRS）の考え方です。日本の会計基準では、オペレーティング・リース取引は資産計上されません。
104-39,4,解約不能のリース期間が7年、リース物件の経済的耐用年数が10年のリース取引は、ファイナンス・リース取引に該当すると判断される。,FALSE,リース期間が経済的耐用年数の75%（この場合は7.5年）未満であるため、経済的耐用年数基準ではファイナンス・リースに該当しません。
104-40,1,減損損失の計上にあたっては、必ず個々の資産ごとに減損損失の計上の要否を判断しなければならない。,FALSE,減損の判定は、「概ね独立したキャッシュ・フローを生み出す最小単位」でグルーピングして行います。そのため、複数の資産を一つのグループとして判定することがあります。
104-40,2,減損の兆候があると判断された場合には、その次のステップにおいて回収可能価額の金額を算定し、減損損失を計上しなければならないが、「経営環境の著しい悪化」の場合のみ、例外的に割引前キャッシュ・フローを減損の認識の判定に使用できる。,FALSE,減損の兆候がある場合、まず「割引前」将来キャッシュ・フローと帳簿価額を比較して減損を認識するかを判定し、認識すると判断された場合に「割引後」の回収可能価額を算定します。この手順は兆候の種類によりません。
104-40,3,使用価値とは「資産又は資産グループの継続的使用と使用後の処分によって生ずると見込まれる将来キャッシュ・フローの現在価値」のことをいい、正味売却価額とは「資産又は資産グループの時価から処分費用見込額を控除して算定される金額」のことをいう。,TRUE,その通りです。そして、この二つのうち、いずれか高い方の金額が「回収可能価額」となります。
104-40,4,減損対象となる資産の帳簿価額が20000、使用価値が8500、正味売却価額が9000のとき、計上される減損損失の額は11500である。,FALSE,回収可能価額は使用価値と正味売却価額の高い方なので9000となります。減損損失は、帳簿価額20000との差額である11000です。
104-41,1,「資産除去債務に関する会計基準」の適用対象となる固定資産に建設仮勘定は含まれない。,FALSE,建設中の資産（建設仮勘定）であっても、完成後に法令等による除去義務が見込まれる場合には、資産除去債務の適用対象となります。
104-41,2,有形固定資産に使用されている有害物質等を法律等の要求による特別な方法で除去する義務がある場合、その費用を見積り資産除去債務として計上しなければならない。,TRUE,はい、アスベストの除去費用など、法律で定められた将来の除去義務は、資産除去債務として負債計上する必要があります。
104-41,3,資産除去債務として認識しなければならない債務がある場合、これに対応する除去費用は原則として債務の計上時に一時の費用として会計処理する。,FALSE,対応する除去費用は、資産の取得原価に含めて計上し、減価償却を通じて資産の耐用年数にわたって費用配分します。
104-41,4,資産除去債務の発生時に、当該債務の金額を合理的に見積ることができない場合には、これを計上せず、合理的に見積ることができるようになった時点で負債として計上し、計上していない場合は注記が必要となる。,TRUE,その通りです。金額を合理的に見積もれないために負債計上していない旨とその理由を、財務諸表に注記する必要があります。
104-42,1,証券化ヴィークルが保有する販売用不動産において、期末における正味売却価額が取得原価よりも下落している場合、差額は見込販売時期までの期間において均等に償却を行う。,FALSE,販売用不動産は棚卸資産であり、期末に正味売却価額が取得原価を下回る場合は、その差額（評価損）を当期の費用として一括で処理します。
104-42,2,取得価額を土地と建物に区分する場合には、固定資産税評価明細に記載されている各資産の評価価額の比率により配分しなければならない。,FALSE,固定資産税評価額の比率で按分する方法が一般的ですが、不動産鑑定評価額など、他の合理的な方法で配分することも認められています。
104-42,3,会計上の減価償却費の算定においては法人税法等で定める耐用年数を使用することができない。,FALSE,会計上は企業の実態に応じた耐用年数を見積もるのが原則ですが、税法上の耐用年数が実態とかけ離れていない限り、それを使用することも実務上認められています。
104-42,4,「賃貸等不動産の時価等の開示に関する会計基準」の適用対象となる賃貸等不動産に関しては、総額に重要性が乏しい場合を除き、時価等を注記しなければならない。,TRUE,はい、投資家が企業の保有する賃貸等不動産の価値を把握できるよう、貸借対照表価額に加え、期末時点での時価情報を注記することが求められます。
104-43,1,ヴィークルそのものに法人税が課されるものとして、株式会社、一般社団法人等がある。,TRUE,その通りです。これらの法人は、それ自体が法人税の納税義務者となります。
104-43,2,ペイ・スルー課税ヴィークルとして、特定目的会社、投資法人、合同会社等があげられる。,FALSE,特定目的会社や投資法人は、一定の要件を満たすことで配当を損金算入できるペイ・スルー課税の対象ですが、合同会社にはそのような規定はありません。
104-43,3,ヴィークル自体が原則として法人税課税なし、かつ直ちに組合員に課税されるものとして、特定受益証券発行信託、匿名組合等がある。,FALSE,特定受益証券発行信託は、受益者が収益を現実に受け取った時点で課税されるため、「直ちに」課税されるわけではありません。
104-43,4,ヴィークル自体が原則として法人税課税なし、かつ分配時に初めて組合員又は、受益者等構成員に課税されるものとして、合同運用信託、証券投資信託等がある。,TRUE,はい、これらは集団投資信託に分類され、信託段階では課税されず、受益者が分配金を受け取ったときに課税されます。
104-44,1,特定目的会社の資本金が1億円を超えている場合であっても、法人事業税に係る外形標準課税の適用対象とはならない。,TRUE,はい、特定目的会社は、その特殊な性格から、資本金の額にかかわらず外形標準課税の対象から除外されています。
104-44,2,特定目的会社が受け取った配当等は益金不算入の適用はないが、投資法人が受け取った配当等は益金不算入の適用がある。,FALSE,特定目的会社、投資法人のいずれにおいても、受取配当等の益金不算入の適用はありません。
104-44,3,投資法人の資本金が1億円以下であった場合、90%超配当要件等の条件を満たすことを条件として、法人税の軽減税率の適用を受けることができる。,FALSE,投資法人は資本金の額にかかわらず、中小法人に適用される法人税の軽減税率の適用はありません。
104-44,4,特定目的会社及び投資法人のいずれにおいても、欠損金の控除限度額は、導管性要件を満たす場合であっても、繰越控除前の所得金額の50％が限度となっている。,FALSE,導管性要件を満たす場合、繰越欠損金の控除限度額は繰越控除前の所得金額の100%となります。
104-45,1,特定目的会社の導管性要件として、公募発行した特定社債の発行価額の総額が10億円以上であることが必要である。,FALSE,特定社債の発行価額の総額は「1億円」以上であることが要件の一つです。
104-45,2,特定目的会社の導管性要件として、特定社債の引き受けは税法上の機関投資家又は金商法上の適格機関投資家であることが必要である。,FALSE,引き受け手は税法上の「機関投資家」等に限定されており、金商法上の適格機関投資家とは範囲が異なります。
104-45,3,特定目的会社の導管性要件として、会計期間は原則として1年を超えないこととされているが、資産流動化計画に記載する等一定の要件を満たす場合には、1年超とすることもできる。,FALSE,会計期間が1年を超えないことが要件であり、例外規定はありません。
104-45,4,特定目的会社の導管性要件として、事業年度終了時点で同族会社に該当する場合でも、一定の優先出資について上位3グループで50%以下の保有であれば、非同族会社要件を満たすことができる。,TRUE,はい、同族会社に該当する場合でも、議決権の状況によっては非同族会社とみなされる特例があります。
104-46,1,投資法人の導管性要件における一時差異等調整引当額の設定の対象となる所得超過税会不一致の計算上、損金不算入となる交際費、寄附金等永久差異となる部分の金額は除かれている。,TRUE,その通りです。一時差異等調整引当額は、会計と税務の一時的なズレ（一時差異）を調整するためのものであり、永久に解消されない永久差異は計算から除かれます。
104-46,2,負ののれん発生益等、分配原資の裏付けのない利益超過税会不一致が生じた場合には、一時差異等調整積立金を計上することで導管性を維持するための調整を行うことができる。,TRUE,はい、会計上の利益が税務上の所得を上回る場合に、その差額を積立金として計上することで、配当可能利益を調整し導管性要件を満たすことができます。
104-46,3,投信法136条に規定される投資法人の利益には、損益計算書を通じて計算される利益に含まれない「評価・換算差額等」が含まれる。,FALSE,2024年2月の法改正により、「評価・換算差額等」は投資法人の利益の概念から除かれることが明確化されました。
104-46,4,投資法人の導管性要件として、他の法人の発行済み株式又は出資の50%以上を保有することができないと定められている。,TRUE,はい、投資法人は事業会社を支配することを目的としていないため、他の法人の議決権の過半数を保有することは禁止されています。
104-47,1,受益者等課税信託において、受益者段階で課税される信託の受益者等の信託損失のうち、信託金額を超える部分の金額は損金に算入できない。,TRUE,はい、信託から生じた損失の損金算入には一定の制限があり、出資額を超える部分については損金算入が認められません。
104-47,2,集団投資信託等については、その信託の計算期間とは関係なく、発生の都度、受益者に課税する仕組みが採用されている。,FALSE,集団投資信託は、信託段階では課税されず、受益者が収益を現実に「受領したとき」に課税されます。
104-47,3,受益者等課税信託については、受益者がその財産を保有しているとみなすものの、消費税は受託者が納税義務を負うこととなっている。,FALSE,受益者等課税信託では、信託財産に関する取引は受益者の取引とみなされるため、消費税の納税義務者も受益者となります。
104-47,4,法人課税信託は、信託収益を受益者が現実に受領した時に、受益者に課税する仕組みである。,FALSE,法人課税信託は、信託そのものを一つの法人とみなして、「信託段階で」受託者を納税義務者として法人税が課税されます。
104-48,1,個人が匿名組合員である場合に、匿名組合契約に基づいて受ける利益の分配は、原則として不動産所得になる。,FALSE,原則として「雑所得」に分類されます。
104-48,2,匿名組合契約等に基づく匿名組合配当に係る源泉税率は、個人の組合員については20.42%となっているが、法人の組合員については課されない。,FALSE,匿名組合配当に係る源泉徴収は、組合員が個人か法人かを問わず、一律20.42%の税率で義務付けられています。
104-48,3,法人が匿名組合員である場合には、匿名組合営業により生じた収益又は費用の額を、現実に利益の分配等を受けていない場合でも、計算期間の末日の属する事業年度の益金又は損金の額に算入する。,TRUE,はい、法人組合員の場合は、実際の分配の有無にかかわらず、組合の計算期間に応じて発生ベースで損益を認識します。
104-48,4,法人税法上の有価証券には、匿名組合出資及び任意組合の出資の持分も含まれる。,FALSE,法人税法上の有価証券に、匿名組合の出資持分は含まれません。
104-49,1,不動産取得税は土地や家屋を購入したり家屋を建築するなどして不動産を取得したときにかかる税で、有償・無償の別、登記の有無を問わない。,TRUE,その通りです。不動産の所有権を取得したという事実に対して課される流通税です。
104-49,2,不動産を信託したことに伴う委託者から受託者への所有権の移転登記は、原則として登録免許税は非課税となるが、所有権の信託の登記には、登録免許税が課される。,TRUE,はい、形式的な所有権移転であるため移転登記自体は非課税ですが、信託財産であることを公示するための「信託登記」には登録免許税が課税されます。
104-49,3,法定4ヴィークルに関しては、不動産取得税の軽減が認められているが、保存登記及び変更登記に関わる登録免許税については軽減の対象外である。,TRUE,はい、税の軽減措置が適用されるのは、不動産取得税と所有権「移転」登記に係る登録免許税であり、保存登記や変更登記は対象外です。
104-49,4,登録免許税は土地建物の取得をして所有権の移転登記や保存登記を行う場合に課税される都道府県税である。,FALSE,登録免許税は都道府県税ではなく「国税」です。
104-50,1,令和5年10月1日よりインボイス制度が導入されているが、法定4ヴィークルについては、別段の定めがあるため、特段考慮する必要はない。,FALSE,インボイス制度において、法定4ヴィークルであることを理由とした特別な扱いや免除規定はありません。
104-50,2,合同会社設立時に資本金10万円であったが、第1期中に増資を行い資本金が1000万円以上となった場合には、当該合同会社の第1期は無条件で消費税の課税事業者となる。,FALSE,消費税の納税義務の免除がなくなるのは、事業年度「開始の日」の資本金が1000万円以上の場合です。期中の増資では、その期から直ちに課税事業者になるわけではありません。
104-50,3,事業者が、高額特定資産の課税仕入れ等を行った場合や、自ら建設等をした高額特定資産に関しても、一定期間、事業者免税点制度や簡易課税制度の適用が制限される。,TRUE,はい、高額な資産を取得して多額の消費税還付を受けた後、すぐに免税事業者になることを防ぐため、3年間の継続適用が求められます。
104-50,4,事業者が国内において行う居住用賃貸建物に係る課税仕入れ等の税額については、原則として仕入税額控除の対象とならず、取得後一定期間内に用途転用や譲渡した場合でも、追加的に消費税額を控除することはできない。,FALSE,取得後3年以内に事業用（課税賃貸用）に転用した場合や、譲渡した場合には、仕入税額控除が制限されていた消費税額の一部を調整（控除）することが認められています。