problem_no,sub_id,stem,correct,explanation
101-24-1,1,"意思表示の相手方がその意思表示を受けた時に未成年者であった場合、その相手方が法定代理人の同意を得ていなくても、表意者はその意思表示をもって相手方に対抗することができる。",FALSE,"相手方が未成年者などの制限行為能力者である場合、表意者は原則としてその意思表示の効力を主張（対抗）できません。ただし、その法定代理人が意思表示を知った後は、対抗することが可能になります（民法第98条の2）。"
101-24-1,2,"AがBに甲土地を売却する意思表示をしたが、その意思表示がAの真意ではないことをAが知っていた場合（心裡留保）、BがAの真意を知っていたか否かにかかわらず、その意思表示は有効である。",FALSE,"心裡留保による意思表示は、原則として有効ですが、相手方Bが表意者Aの真意を知っていた（悪意）または知ることができた（有過失）ときは、その意思表示は無効となります（民法第93条）。"
101-24-1,3,"AがBとの間で、A所有の甲土地について売買契約を仮装して締結した場合、当該売買契約は無効であるが、Aは、善意の第三者に対して、その無効を主張することができない。",TRUE,"はい、これが通謀虚偽表示のルールです。当事者間では無効ですが、その無効を、事情を知らない善意の第三者に対抗（主張）することはできません（民法第94条第2項）。"
101-24-1,4,"AがBの強迫によりCにA所有の甲土地を売却する意思表示をした場合、Bが強迫したことをCが知っていたか否かにかかわらず、Aは当該意思表示を取り消すことができない。",FALSE,"第三者による強迫の場合、相手方Cがその事実を知っていたか（悪意）または知らなかったか（善意）にかかわらず、Aは常にその意思表示を取り消すことができます（民法第96条第2項）。詐欺の場合と結論が異なるので注意が必要です。"
101-24-2,1,"AがBに甲土地を売却する契約において、目的物である甲土地が契約締結前に既に滅失していた場合、AはBに対して履行請求も損害賠償請求もできない。",TRUE,"はい、これは原始的不能といわれる状態で、契約はその効力を生じません。したがって、売主Aは買主Bに対して代金の支払いを請求することも、履行ができないことによる損害賠償を請求することもできません（民法第412条の2）。"
101-24-2,2,"AがBに甲土地を売却する契約において、買主Bの過失によって目的物である甲土地が滅失した場合、売主AはBに対して売買代金の支払いを請求することができる。",TRUE,"その通りです。買主の責任で目的物が滅失した場合（危険負担における債権者主義）、売主は自己の義務（土地の引渡し）を免れますが、反対給付を受ける権利（代金請求権）は失いません（民法第536条第2項）。"
101-24-2,3,"AがBに甲土地を売却する契約において、Aの履行がBの協力なしには完了できない場合において、Bが協力を拒んでいる間に天災で甲土地が滅失した場合、AはBに代金を請求できる。",TRUE,"はい、これは買主（債権者）の受領遅滞中の危険負担です。Bが協力しないことで履行が遅れている間に不可抗力で目的物が滅失した場合、そのリスクはBが負うことになり、売主Aは代金支払いを請求できます。"
101-24-2,4,"AがBに甲土地を売却する契約で、引渡しは完了したが代金が未払いの状況で、Aが契約を解除した場合、Bは原状回復として甲土地をAに返還する義務と、引渡しを受けてから返還するまでの間の使用利益を返還する義務を負う。",TRUE,"はい、契約が解除された場合、当事者双方に原状回復義務が生じます。買主Bは、土地そのものを返還するだけでなく、引渡しを受けてから返還するまでの間にその土地を利用して得た利益（賃料相当額など）も返還する必要があります（民法第545条）。"
101-24-3,1,"制限行為能力者であるAが、自己が所有する甲土地を、法定代理人の同意を得ることなくBに売却する契約を締結した。Aが成年に達した後に、Bに対して履行を請求した場合、この売買契約を追認したものとみなされる。",TRUE,"その通りです。未成年者など制限行為能力者の契約は取り消すことができますが、成年に達した後に、自ら「履行を請求する（代金を払えと要求するなど）」行為をすると、法律上、その契約を認めた（追認した）と見なされます（法定追認、民法第125条）。"
101-24-3,2,"AはBに騙されて甲土地の売買契約を締結してしまった。Aが詐欺に気づいた後、Bの売買代金債権をCが差し押さえた場合、Aはこの売買契約を取り消すことができない。",FALSE,"詐欺による契約は取り消すことができます。たとえ第三者（この場合は差押債権者C）が現れたとしても、Aの取消権はなくなりません。Aは詐欺を理由に契約を取り消し、Cの差押えを無効にすることができます。"
101-24-3,3,"AとBが通謀して、A所有の甲土地をBに仮装譲渡した後、事情を知らない（善意の）CがBから甲土地を購入した。この場合、AはAB間の売買契約の無効をCに対して主張することができない。",TRUE,"はい、これが通謀虚偽表示の基本ルールです。当事者間（AとB）では売買は無効ですが、その無効を、事情を知らずに取引に入った善意の第三者Cに対抗（主張）することはできません（民法第94条第2項）。"
101-24-3,4,"A所有の甲土地について、Aの代理人と称する無権代理人Bが、Cと売買契約を締結した。その後、Aが死亡し、Bが単独でAを相続した場合、Bは無権代理行為の追認を拒絶することができる。",FALSE,"無権代理人が本人を相続した場合、信義則上、自らが行った無権代理行為の追認を拒絶することはできません。Bは買主Cに対して、所有権移転登記を行う義務を負います。"
101-24-4,1,"AがBに対して有する貸金債権の消滅時効が完成した場合、Aの債権は、Bが時効を援用しなくても当然に消滅する。",FALSE,"時効が完成しただけでは債権は消滅しません。「時効を援用する（時効が完成したことを主張する）」という意思表示があって初めて、債権が消滅する効果が生じます。"
101-24-4,2,"AがBに対して有する貸金債権について、Bが消滅時効の完成後に、Aに対して債務の存在を承認した場合、時効の利益を放棄したものと推定される。",TRUE,"はい、時効完成後に債務の承認をすると、時効の利益を放棄したものと推定されます。これにより、Bは完成した時効を援用することができなくなります。"
101-24-4,3,"AがBに対して有する請負代金債権の消滅時効は、Aがその権利を行使することができる時から5年である。",FALSE,"請負代金債権の消滅時効は、権利を行使できることを知った時から5年、または権利を行使できる時から10年のいずれか早い方です。単に5年と断定しているため誤りです。"
101-24-4,4,"AがBに対して有する不法行為に基づく損害賠償請求権の消滅時効は、被害者Aが損害及び加害者Bを知った時から5年である。",FALSE,"不法行為に基づく損害賠償請求権の消滅時効は、人の生命・身体の侵害に対するものは5年ですが、それ以外（物損など）の場合は3年です。設問は限定がないため誤りです。"
101-24-5,1,"Aが所有する甲土地について、Bが所有の意思をもって平穏に、かつ、公然と占有を開始し、15年間占有を継続した。占有開始時に善意無過失であれば、Bは甲土地の所有権を時効取得できる。",TRUE,"はい、占有開始時に善意無過失であれば、10年間の占有継続で所有権を時効取得できます（短期取得時効）。設問は15年間継続しているので、要件を満たします。"
101-24-5,2,"Aが所有する甲土地について、Bが所有の意思をもって平穏に、かつ、公然と占有を開始し、25年間占有を継続した。占有開始時に悪意であっても、Bは甲土地の所有権を時効取得できる。",TRUE,"はい、占有開始時に悪意（他人の土地と知っている）であっても、20年間の占유を継続すれば所有権を時効取得できます（長期取得時効）。設問は25年間継続しているので、要件を満たします。"
101-24-5,3,"BがAから甲土地を賃借して占有している場合、Bは所有の意思をもって占有しているとはいえないため、甲土地の所有権を時効取得することはない。",TRUE,"その通りです。時効取得の要件である「所有の意思をもってする占有（自主占有）」とは、所有者のように振る舞う意思を指します。賃借人は、あくまで借りているという認識（他主占有）なので、時効取得は成立しません。"
101-24-5,4,"Aが所有する甲土地の所有権をBが時効取得した場合、Bは、時効の完成前にAから甲土地を譲り受けて所有権移転登記を備えたCに対し、登記なくして所有権を対抗することができる。",TRUE,"時効完成「前」の第三者との関係は、当事者と同様の関係になります。したがって、時効取得者Bは、先に登記を備えていたCに対して、登記なくして所有権を主張できます。時効完成「後」の第三者とは結論が異なるので注意が必要です。"
101-24-6,1,"A、B、Cが各3分の1の持分で甲土地を共有している。Aがその持分を放棄した場合、その持分はBとCに各2分の1の割合で帰属する。",TRUE,"はい、共有者の一人が持分を放棄したとき、または死亡して相続人がいないときは、その持分は他の共有者に帰属します。この場合、BとCが持分に応じて取得するため、均等に分け合います（民法第255条）。"
101-24-6,2,"A、B、Cが各3分の1の持分で甲土地を共有している。甲土地全体をDに賃貸する行為は、各共有者が単独で行うことができる。",FALSE,"共有物を賃貸するなどの「管理行為」は、各共有者の持分の価格に従い、その過半数で決定する必要があります（民法第252条）。単独では行えません。"
101-24-6,3,"A、B、Cが各3分の1の持分で甲土地を共有している。AがB及びCの同意を得ずに自己の持分のみをEに売却した場合、その売買契約は無効である。",FALSE,"各共有者は、他の共有者の同意がなくても、自己の持分を自由に処分（売却、担保設定など）することができます（民法第251条）。したがって、AE間の売買契約は有効です。"
101-24-6,4,"A、B、Cが各3分の1の持分で甲土地を共有している。甲土地を3筆に分筆する行為は、共有物の保存行為としてAが単独で行うことができる。",FALSE,"共有物を物理的に分割する「分筆」は、共有者全員の同意が必要な「変更行為」にあたります（民法第251条）。単独で行える保存行為（修繕など）ではありません。"
101-24-7,1,"相隣関係に関する民法の規定によれば、土地の所有者は、境界において障壁を設置する場合、隣人と共同の費用で設置することができる。",TRUE,"はい、境界標や囲障（塀など）は、相隣者（隣人）が共同の費用で設置できると定められています。費用の負担割合は、原則として折半です（民法第225条、第226条）。"
101-24-7,2,"相隣関係に関する民法の規定によれば、隣地の竹木の枝が境界線を越えるときは、その土地の所有者は、竹木の所有者に催告することなく、自らその枝を切り取ることができる。",FALSE,"枝が越境した場合は、まず竹木の所有者に切除するよう催告する必要があります。催告しても切除しない場合や、催告できない場合に限り、自ら切り取ることができます（2023年4月改正民法）。根が越境した場合は、催告なく切り取れます。"
101-24-7,3,"相隣関係に関する民法の規定によれば、建物を築造するには、境界線から50cm以上の距離を保たなければならないが、これに違反して建築しようとする者があるときは、隣地の所有者は、建築を中止させ、又は変更させることができる。ただし、建築に着手した時から1年を経過し、又はその建物が完成した後は、損害賠償の請求のみをすることができる。",TRUE,"はい、これが境界線付近の建築の制限に関するルールです。建築の中止・変更請求には期間制限があり、それを過ぎると損害賠償請求しかできなくなります（民法第234条、第235条）。"
101-24-7,4,"他の土地に囲まれて公道に通じない土地（袋地）の所有者は、公道に至るため、その土地を囲んでいる他の土地（囲繞地）を通行することができる。この場合、通行の場所及び方法は、通行権を有する者のために必要であり、かつ、囲繞地のために損害が最も少ないものを選ばなければならない。",TRUE,"はい、これは囲繞地通行権の基本的な内容です。袋地の所有者は通行権を有しますが、それは無制限ではなく、囲繞地の所有者の損害が最も少なくなるように配慮する必要があります（民法第210条、第211条）。"
101-24-8,1,"抵当権の効力は、抵当不動産に付加して一体となっている物（付加一体物）に及ぶが、抵当権設定当時に存在した建物に後から増築された部分は、抵当権の効力が及ばない。",FALSE,"増築部分は、元の建物と一体（付加一体物）とみなされるため、抵当権の効力が及びます。したがって、競売になった場合、増築部分も一体として売却されます。"
101-24-8,2,"土地に抵当権が設定された後に、その土地の上に建物が築造された場合、抵当権者は、土地とともにその建物を競売することができる。",TRUE,"はい、これは「法定地上権」が成立しないケースでの一括競売の規定です。抵当権者は土地のみを競売することも、土地と建物を一括して競売することも選択できます。ただし、建物の売却代金から優先弁済を受けることはできません（民法第389条）。"
101-24-8,3,"抵当不動産の所有者が、その不動産を第三者に賃貸した場合、抵当権の実行としての競売手続の開始前からその第三者が建物の引渡しを受けていれば、抵当権者はその第三者に対抗することができない。",FALSE,"建物の引渡しを受けている賃借人は、原則として抵当権者に対抗できます。ただし、抵当権設定登記後に賃貸借契約が結ばれ、抵当権者がそれに同意していない場合は、競売による買受人に対抗できません。一定の猶予期間（6か月）の明渡し猶予はあります。"
101-24-8,4,"抵当権によって担保される債権（被担保債権）が時効によって消滅した場合、抵当権も消滅する。",TRUE,"はい、これを抵当権の「付従性」といいます。抵当権は、主たる権利である被担保債権が存在して初めて成り立つ従たる権利なので、被担保債権が消滅すれば、抵当権も当然に消滅します。"
101-24-9,1,"Aが所有する甲建物をBに賃貸する契約において、BがAの承諾なく甲建物をCに転貸した場合、Aは直ちに賃貸借契約を解除することができる。",TRUE,"はい、賃借人が賃貸人の承諾なく無断で転貸した場合、それは賃貸人に対する重大な背信行為とみなされ、賃貸人は催告をすることなく契約を解除することができます（無催告解除）。"
101-24-9,2,"賃借人Bが死亡した場合、Bに相続人がいなくても、Bと同居していた内縁の配偶者Cは、当然に賃借権を承継する。",FALSE,"借地借家法では、相続人がいない場合に限り、同居していた内縁の配偶者や事実上の養子が賃借権を承継できると定めています（借地借家法第36条）。相続人がいる場合は、その相続人が賃借権を承継します。"
101-24-9,3,"賃貸人Aが甲建物をDに売却した場合、賃借人Bは、建物の引渡しを受けていれば、所有権移転登記を備えた新所有者Dに対して賃借権を対抗することができない。",FALSE,"建物の賃貸借は、登記がなくても「建物の引渡し」があれば、その後その建物の所有権を取得した第三者に対して、賃借権を対抗（主張）することができます（借地借家法第31条）。"
101-24-9,4,"期間の定めのある建物賃貸借契約において、賃貸人Aが期間満了の1年前から6か月前までの間に更新をしない旨の通知をしなかった場合、契約は当然に終了する。",FALSE,"更新拒絶の通知をしなかった場合、従前の契約と同一の条件で契約を更新したものとみなされます（法定更新）。ただし、更新後の契約は期間の定めのないものとなります（借地借家法第26条）。"
101-24-10,1,"契約期間を2年とする普通建物賃貸借契約において、賃借人からの中途解約を認める特約は有効である。",TRUE,"はい、借地借家法は基本的に借主を保護する法律です。借主側からの中途解約を認める特約は、借主に有利なものなので有効です。逆に、貸主からの中途解約を認める特約は、借主に不利なため原則として無効となります。"
101-24-10,2,"事業用建物を対象とし、契約期間を2年とする定期建物賃貸借契約を締結する場合、公正証書によって契約しなければならない。",FALSE,"事業用の定期建物賃貸借契約は、公正証書「等」の書面によって契約する必要があります。必ずしも公正証書である必要はなく、通常の契約書でも有効です。公正証書が必須なのは、事業用定期「借地権」の設定契約です。"
101-24-10,3,"居住用建物を対象とする定期建物賃貸借契約では、賃貸人は、あらかじめ、賃借人に対し、契約の更新がなく期間の満了により終了する旨を記載した書面を交付して説明しなければならない。",TRUE,"はい、これが定期建物賃貸借契約の最も重要な要件です。この書面交付と説明を怠ると、その契約は普通建物賃貸借契約となってしまい、期間満了での終了を主張できなくなります（借地借家法第38条）。"
101-24-10,4,"床面積が150㎡の居住用建物の定期建物賃貸借契約において、転勤により建物の使用が困難となった場合、賃借人は中途解約の申入れをすることができる。",FALSE,"定期建物賃貸借における賃借人からの中途解約が法律上認められるのは、「居住用」で「床面積200㎡未満」の建物について、転勤・療養・親族の介護などやむを得ない事情がある場合に限られます。設問は床面積の要件を満たしているので解約可能です。"
101-24-11,1,"区分所有法によれば、区分所有者は、規約に別段の定めがない限り、集会の決議によって、管理者を選任し、又は解任することができる。",TRUE,"はい、管理者は、原則として、区分所有者及び議決権の各過半数による集会の決議で選任・解任されます。規約で別段の定めをすることも可能です。"
101-24-11,2,"区分所有法によれば、集会において、区分所有者及び議決権の各5分の4以上の多数による建替え決議があったときは、当該決議に賛成しなかった区分所有者も、当該決議に従う義務がある。",FALSE,"建替え決議に賛成しなかった区分所有者は、決議に従う義務はありません。ただし、建替えに参加しない場合は、決議に賛成した区分所有者等が、その区分所有権および敷地利用権を時価で売り渡すよう請求することができます（売渡し請求権）。"
101-24-11,3,"区分所有法によれば、管理者は、少なくとも毎年1回集会を招集しなければならないが、区分所有者全員の同意があるときは、集会を招集しないで書面又は電磁的方法による決議をすることができる。",TRUE,"その通りです。管理者は毎年1回の定期集会を招集する義務がありますが、全員の同意があれば、集会を開かずに書面投票等で決議することも認められています（書面決議）。"
101-24-11,4,"区分所有法によれば、共用部分の変更（その形状又は効用の著しい変更を伴わないものを除く。）は、区分所有者及び議決権の各4分の3以上の多数による集会の決議で決するが、この区分所有者の定数は、規約で過半数まで減ずることができる。",TRUE,"はい、大規模修繕などの「特別決議」は、原則として区分所有者・議決権の各4分の3以上が必要です。ただし、この「区分所有者の頭数」については、規約で過半数まで緩和することが認められています（議決権の4分の3以上は緩和不可）。"
101-24-12,1,"AはBから借り受けた甲土地の上に乙建物を所有し、Cに対して乙建物を賃貸している。Bの承諾の有無にかかわらず、AはCに対して甲土地の地代を請求することができない。",TRUE,"はい、土地の賃貸借契約は土地所有者Bと借地人Aとの間のものです。AはCから建物の賃料は受け取れますが、土地の所有者ではないため、Cに対して地代を請求することはできません。"
101-24-12,2,"AはBから借り受けた甲土地の上に乙建物を所有している。AがBの承諾を得て甲土地をCに転貸した場合、AはBに対して地代を支払う義務を免れる。",FALSE,"転貸借（又貸し）は、元の賃貸借契約（AB間）を前提として成立します。したがって、Aは転貸人としてCから転貸料を受け取る一方、元の借地人としてBに地代を支払う義務を負い続けます。"
101-24-12,3,"AはBから借り受けた甲土地の上に乙建物を所有している。AがBの承諾なく乙建物をCに譲渡した場合、特段の事情がない限り、Bは借地権の無断譲渡を理由に賃貸借契約を解除することができる。",TRUE,"はい、建物の譲渡は、その敷地である借地権の譲渡を伴います。借地権の譲渡には賃貸人（地主）の承諾が必要であり、無断で譲渡した場合は、信頼関係を破壊する行為として契約を解除されるのが原則です。"
101-24-12,4,"AはBから借り受けた甲土地の上に乙建物を所有している。AがBに無断で甲土地をCに転貸し、Bがこれを理由に契約を解除した場合、CはBに対して建物を時価で買い取るよう請求することはできない。",TRUE,"建物買取請求権は、借地契約が期間満了で終了し、更新がない場合に借地人が地主に対して行使できる権利です。借地人の債務不履行（無断転貸など）を理由に契約が解除された場合には、建物買取請求権は認められません。"
101-24-13,1,"不法行為による損害賠償の請求権は、被害者が損害及び加害者を知った時から3年間行使しないときは、時効によって消滅する。不法行為の時から20年を経過したときも、同様とする。",TRUE,"はい、これが不法行為に基づく損害賠償請求権の消滅時効の原則です（生命・身体の侵害の場合は主観的起算点から5年）。"
101-24-13,2,"土地の工作物の設置又は保存に瑕疵があることによって他人に損害を生じたときは、その工作物の占有者は、被害者に対してその損害を賠償する責任を負う。ただし、占有者が損害の発生を防止するのに必要な注意をしたときは、所有者がその損害を賠償しなければならない。",TRUE,"はい、これが工作物責任の条文通りの内容です。第一次的には占有者が責任を負い（過失責任）、占有者が無過失を証明できた場合に、所有者が無過失でも責任を負います（無過失責任）。"
101-24-13,3,"注文者の注文によって請負人が建てた建物に瑕疵があり、それによって第三者に損害を与えた場合、注文者は、その損害の賠償を第三者に負う。ただし、注文者が請負人に対して適切な指示をしていた場合は、請負人が責任を負う。",FALSE,"原則として、建物の瑕疵による第三者への損害は、その建物の所有者（注文者）が工作物責任を負います。請負人は、注文または指図に過失があった場合にのみ、責任を負うことになります。"
101-24-13,4,"数人が共同の不法行為によって他人に損害を加えたときは、各共同不法行為者は、連帯してその損害を賠償する責任を負う。",TRUE,"はい、共同不法行為者（例えば、複数人が関与した交通事故など）は、被害者に対して「連帯して」全額の賠償責任を負います。被害者は、どの加害者に対しても損害の全額を請求することができます（不真正連帯債務）。"
101-24-14,1,"相続の承認及び放棄は、相続人が自己のために相続の開始があったことを知った時から3か月以内にしなければならない。",TRUE,"はい、これが相続の承認・放棄の熟慮期間です。この期間内に、単純承認、限定承認、相続放棄のいずれかを選択する必要があります。家庭裁判所に申し出ることで、期間の伸長も可能です。"
101-24-14,2,"被相続人の配偶者は、常に相続人となる。被相続人の子がいる場合、被相続人の直系尊属（父母など）は相続人とはならない。",TRUE,"その通りです。配偶者は常に相続人となり、相続順位は第1順位が子、第2順位が直系尊属、第3順位が兄弟姉妹です。上位の順位の相続人がいる場合、下位の順位の者は相続人になりません。"
101-24-14,3,"被相続人の子Aが相続開始以前に死亡しており、Aに子B（被相続人の孫）がいる場合、BがAの相続分を代襲して相続する。",TRUE,"はい、これを代襲相続といいます。本来相続人となるべき子が先に死亡している場合、その子（被相続人から見て孫）が代わりに相続人となります。"
101-24-14,4,"遺言は、15歳に達した者であれば、法定代理人の同意がなくても、単独ですることができる。",TRUE,"はい、遺言能力は15歳以上と定められています。意思能力があれば、未成年者であっても有効な遺言を単独で行うことができます（民法第961条）。"
102-24-15,1,"都市計画区域内の農地を、住宅を建設する目的で取得する場合、あらかじめ農業委員会に届出をすれば、農地法第5条の許可を受ける必要はない。",FALSE,"市街化区域内の農地を転用目的で取得する場合は、農業委員会への「届出」で足ります。しかし、市街化調整区域などそれ以外の区域では、原則通り都道府県知事等の「許可」が必要です。設問は「都市計画区域内」としか限定していないため、許可が不要とは限りません。"
102-24-15,2,"農地の所有者は、その農地を駐車場として利用する場合、農地法第4条の許可を受ける必要はない。",FALSE,"自己所有の農地を農地以外のもの（駐車場、宅地など）に転用する場合でも、農地法第4条に基づく都道府県知事等の許可が必要です。これを無許可で行うと、原状回復命令や罰則の対象となります。"
102-24-15,3,"砂利採取法による認可を受けた採取計画に従って砂利を採取するために農地を取得する場合、農地法第5条の許可は不要である。",FALSE,"たとえ他の法律で認可を受けていても、農地を転用目的で取得（権利移動）する場合には、原則として農地法第5条の許可が必要です。農地法の許可が不要となる例外規定には該当しません。"
102-24-15,4,"相続により農地の所有権を取得した者は、遅滞なく、その農地の存する市町村の農業委員会にその旨を届け出なければならない。",TRUE,"はい、その通りです。相続は許可を必要としませんが、農地の権利関係を把握するため、農業委員会への事後届出が義務付けられています。"
102-24-16,1,"市街化区域内において、面積1,500㎡の土地で図書館を建築する目的の開発行為を行う場合、開発許可は不要である。",TRUE,"はい、図書館、博物館、公民館などの公益上必要な建築物のうち、開発区域の面積が1ha未満のものは、開発許可が不要とされています。面積が1,500㎡なので許可は不要です。"
102-24-16,2,"市街化調整区域内において、農産物の貯蔵に必要な倉庫を建築する目的で面積800㎡の開発行為を行う場合、開発許可は不要である。",TRUE,"市街化調整区域内であっても、農業、林業、漁業を営む者の居住用または業務用建築物（倉庫など）のための開発行為は、規模にかかわらず原則として開発許可が不要です。"
102-24-16,3,"市街化区域及び市街化調整区域のいずれでもない都市計画区域（非線引区域）において、野球場を建設する目的で面積12,000㎡の開発行為を行う場合、開発許可が必要である。",TRUE,"野球場、テニス場、遊園地などの「特定工作物」の建設目的の開発行為は、1ha（10,000㎡）以上の場合に開発許可が必要です。面積が12,000㎡なので許可が必要です。"
102-24-16,4,"準都市計画区域内において、木造2階建ての住宅を1戸建築する目的で面積3,500㎡の開発行為を行う場合、開発許可が必要である。",TRUE,"準都市計画区域内における開発許可の面積要件は、原則として3,000㎡以上です。したがって、面積3,500㎡の土地で住宅を建築する開発行為には許可が必要です。"
102-24-17,1,"第一種低層住居専用地域では、都市計画において、建築物の外壁又はこれに代わる柱の面から敷地境界線までの距離の限度を定めることはできない。",FALSE,"良好な住環境を守るため、第一種・第二種低層住居専用地域では、都市計画により外壁の後退距離（1mまたは1.5m）を定めることができます。"
102-24-17,2,"第二種中高層住居専用地域では、都市計画において、建築物の敷地面積の最低限度を200㎡と定めることができる。",TRUE,"はい、第二種中高層住居専用地域を含む住居系の用途地域では、市町村が条例で、良好な市街地環境の形成のため、建築物の敷地面積の最低限度を200㎡以下の範囲で定めることができます。"
102-24-17,3,"田園住居地域では、都市計画において、建築物の高さの最高限度を10m又は12mと定めることができる。",TRUE,"その通りです。田園住居地域は、低層住宅の良好な住環境と、農業の利便の増進を図る地域であり、低層住居専用地域と同様に、絶対的な高さ制限を定めることができます。"
102-24-17,4,"準住居地域は、道路の沿道としての地域の特性にふさわしい業務の利便の増進を図りつつ、これと調和した住居の環境を保護するための地域である。",TRUE,"はい、これが準住居地域の定義です。幹線道路沿いなどを想定し、自動車関連施設などと住居が混在する地域です。"
102-24-18,1,"建築物の敷地が、都市計画によって定められた壁面線の外側にある場合、その建築物の壁又は柱は、壁面線を越えてはならない。",FALSE,"壁面線が定められた場合、建築物の壁、柱、高さ2m超の門・塀は、その壁面線を越えて建築してはなりません。設問は「外側」とあるため誤りです。"
102-24-18,2,"建築物の敷地が、都市計画によって定められた特定街区内にある場合、容積率又は建蔽率の制限は適用されない。",TRUE,"はい、特定街区は、都市計画で容積率、建蔽率、高さの最高限度などを一体的に定めるため、建築基準法上の用途地域による一般的な容積率・建蔽率の制限は適用されません。"
102-24-18,3,"建築物の敷地が、都市計画によって定められた景観地区内にある場合、建築物の高さの最高限度は、景観計画に定められた内容によらなければならない。",TRUE,"その通りです。景観地区内では、市街地の良好な景観の形成を図るため、建築物の形態意匠の制限や、高さの最高限度・最低限度が景観計画で定められます。"
102-24-18,4,"建築物の敷地が、都市計画によって定められた高度地区内にある場合、建築物の高さは、高度地区に関する都市計画において定められた内容に適合するものでなければならない。",TRUE,"はい、高度地区は、用途地域内において市街地の環境を維持し、又は土地利用の増進を図るため、建築物の高さの最高限度又は最低限度を定める地区です。"
102-24-19,1,"建築基準法上、前面道路の幅員が12m未満である建築物に対する道路斜線制限は、住居系の用途地域でのみ適用される。",FALSE,"道路斜線制限は、用途地域に関わらず、すべての建築物に適用される可能性があります。ただし、適用される勾配の数値は用途地域ごとに異なります。"
102-24-19,2,"第一種低層住居専用地域内においては、原則として、建築物の外壁の後退距離が都市計画によって定められることがある。",TRUE,"はい、良好な住環境を確保するため、第一種および第二種低層住居専用地域では、都市計画により、建築物の外壁や柱を敷地境界線から1mまたは1.5m後退させることが義務付けられる場合があります（外壁の後退距離制限）。"
102-24-19,3,"日影規制（日影による中高層建築物の高さの制限）は、商業地域、工業地域、工業専用地域内に存する建築物には適用されない。",TRUE,"その通りです。日影規制は、主に住居系の地域における日照を確保するための規制であり、これらの3つの用途地域では適用されません。"
102-24-19,4,"防火地域内にある建築物で、外壁が耐火構造であるものについては、その外壁を隣地境界線に接して設けることができる。",TRUE,"はい、これが防火地域における重要なルールです。通常、民法では隣地境界線から50cm以上離す必要がありますが、建築基準法が優先され、防火地域内の耐火構造建築物であれば、隣地境界線に接して（ぴったりくっつけて）建築することが可能です。"
102-24-20,1,"宅地造成及び特定盛土等規制法によれば、宅地造成等工事規制区域内の宅地において、擁壁に関する工事を行う場合、その工事について開発許可を受けたときは、重ねて宅地造成等に関する工事の許可を受ける必要はない。",TRUE,"はい、開発許可を受けた範囲内で行う工事については、宅地造成及び特定盛土等規制法（通称：盛土規制法）の許可は不要とされています。二重の手続きを避けるための調整規定です。"
102-24-20,2,"宅地造成及び特定盛土等規制法によれば、宅地造成等工事規制区域内の宅地で、擁壁の所有者は、その擁壁を常時安全な状態に維持するよう努めなければならない。",TRUE,"その通りです。宅地の所有者、管理者、占有者には、擁壁や排水施設などを常時安全な状態に維持する責務（維持管理義務）があります。"
102-24-20,3,"宅地造成及び特定盛土等規制法によれば、都道府県知事は、宅地造成等工事規制区域内の宅地で、災害の防止のため必要があると認める場合、その宅地の所有者に対し、擁壁の設置を命ずることができる。",TRUE,"はい、都道府県知事は、災害防止のために、宅地の所有者などに対して、擁壁の設置や改造、修繕などの改善命令を出すことができます（勧告・改善命令）。"
102-24-20,4,"宅地造成及び特定盛土等規制法によれば、宅地造成等工事規制区域内の宅地について、都道府県知事から改善命令が出された場合、その宅地の所有者は、その命令に従わなかったとしても、罰則の適用を受けることはない。",FALSE,"知事の改善命令に従わない場合、罰金などの罰則が科される可能性があります。命令の実効性を確保するための規定です。"
102-24-21,1,"土地区画整理組合が施行する土地区画整理事業の換地計画において、換地を定めないで金銭で清算する宅地がある場合、その宅地の所有者は組合の同意がなければ、組合を脱退できる。",FALSE,"換地計画において換地を定められなかった宅地の所有者は、換地処分の公告があった日の翌日に組合員としての資格を失い、自動的に組合から脱退します。同意は不要です。"
102-24-21,2,"土地区画整理組合を設立しようとする者は、事業計画の決定に先立って組合を設立する必要がある場合、7人以上共同して、定款及び事業基本方針を作成し、その組合の設立について都道府県知事の認可を受けなければならない。",TRUE,"はい、これが組合設立の基本的な手続きです。7人以上の発起人が必要で、定款、事業基本方針を作成し、知事の認可を受ける必要があります。"
102-24-21,3,"土地区画整理組合の設立の認可の公告があった日後、換地処分の公告がある日までは、施行地区内において、事業の施行の障害となるおそれがある土地の形質の変更を行おうとする者は、当該組合の許可を受けなければならない。",TRUE,"事業の円滑な進行を確保するため、事業施行中は、土地の形質の変更や建築物の新改築などについて、施行者（この場合は組合）の許可が必要となります（76条許可）。"
102-24-21,4,"土地区画整理組合が施行する土地区画整理事業に係る換地処分は、換地計画に係る区域の全部につき土地区画整理事業の工事が完了した後でなければ、行うことができない。",FALSE,"工事が完了する前であっても、知事の認可を受ければ換地処分を行うことが可能です。実務上も、工事完了前に換地処分が行われることがあります。"
102-24-22,1,"国土利用計画法によれば、市街化区域内の面積3,000㎡の土地をAがBから購入した場合、Bは契約締結日から起算して2週間以内に事後届出を行わなければならない。",FALSE,"事後届出の義務を負うのは、権利取得者である買主Aです。売主Bには届出義務はありません。届出面積は市街化区域で2,000㎡以上なので、届出は必要です。"
102-24-22,2,"国土利用計画法によれば、Aが所有する市街化調整区域内の面積6,000㎡の土地と、Bが所有する市街化調整区域内の面積6,000㎡の土地を交換した場合、A及びBはそれぞれ事後届出を行わなければならない。",TRUE,"はい、土地の交換も「対価を得て」行われる権利の移転であり、届出の対象となります。市街化調整区域では5,000㎡以上が届出対象なので、AとB双方がそれぞれ権利取得者として届出を行う必要があります。"
102-24-22,3,"国土利用計画法によれば、市街化区域内の面積4,000㎡の土地をAがBに売却する契約を締結したが、当該契約がBのローン特約により解除された場合、Aは事後届出を行う必要はない。",TRUE,"届出義務があるのは買主Bです。売主Aにはそもそも届出義務がありません。また、契約が解除され権利取得が確定しなかった場合、買主Bも届出は不要となります。"
102-24-22,4,"国土利用計画法によれば、Aが所有する都市計画区域外の面積12,000㎡の土地について、Bが時効取得した場合、Bは事後届出を行う必要はない。",TRUE,"時効取得は、契約（対価を得て行われるもの）による権利取得ではないため、事後届出の対象外です。相続や贈与も同様に対象外です。"
103-24-26,1,"宅地建物取引業者は、その業務に関して、宅地建物取引業法の規定に違反し、情状が特に重い場合、免許を取り消されることがあるが、業務停止処分を受けることはない。",FALSE,"業務に関して宅建業法の規定に違反した場合、監督処分の対象となります。情状が重い順に「免許取消」「業務停止」「指示処分」があり、情状に応じていずれかの処分を受ける可能性があります。"
103-24-26,2,"宅地建物取引業者は、宅地建物取引士が退職し、法定の人数に不足が生じた場合、すみやかに補充等の措置をとらなければならない。",TRUE,"はい、その通りです。事務所における宅建士の設置数は「業務に従事する者5人につき1人以上」と定められており、この基準を欠いた場合は、2週間以内に補充等の必要な措置を執る義務があります（宅建業法第31条の3第3項）。"
103-24-26,3,"宅地建物取引業者は、その事務所に置く専任の宅地建物取引士について、成年者である従業者でなければならないとされている。",FALSE,"専任の宅地建物取引士は、その事務所に常勤し、専ら宅建業の業務に従事する必要がありますが、成年者であることまでは要件とされていません。宅建士の資格があれば、未成年者でも専任の宅建士になることは可能です。"
103-24-26,4,"宅地建物取引業者は、一団の宅地の分譲を案内所を設置して行う場合、その案内所には、少なくとも一人の専任の宅地建物取引士を置かなければならない。",TRUE,"契約の締結または申込みを受ける案内所には、成年者である専任の宅地建物取引士を1名以上設置することが義務付けられています（宅建業法第31条の3第1項、施行規則第15条の5の2）。"
103-24-28,1,"宅地建物取引業者は、自ら売主として宅地建物取引業者でない買主との間で締結する建物の売買契約において、瑕疵担保責任を負う期間を「引渡しの日から3年間」とする特約を定めることができる。",TRUE,"民法の原則（買主が知った時から1年）よりも買主に不利な特約は無効ですが、「引渡しの日から2年以上」とする特約は有効です。したがって「3年間」とする特約は有効です（宅建業法第40条）。"
103-24-28,2,"宅地建物取引業者は、自ら売主として宅地建物取引業者でない買主との間で締結する宅地の売買契約において、当事者の債務不履行を理由とする契約の解除に伴う損害賠償の予定額を代金の額の3割とし、かつ、違約金を代金の額の3割とする特約を定めることができる。",FALSE,"損害賠償の予定額と違約金を合算した額が、代金の2割を超えてはなりません。このケースでは合計で6割となっており、2割を超える部分は無効となります（宅建業法第38条）。"
103-24-28,3,"宅地建物取引業者は、自ら売主として宅地建物取引業者でない買主との間で建物の割賦販売契約を締結した場合、賦払金の支払義務が履行されないことを理由に契約を解除するには、30日以上の相当の期間を定めて書面で催告しなければならない。",TRUE,"その通りです。これは消費者を保護するための規定であり、即時解除は認められず、30日以上の支払猶予期間を与えた書面による催告が必要です（宅建業法第41条）。"
103-24-28,4,"宅地建物取引業者は、自ら売主として宅地建物取引業者でない買主との間で宅地の売買契約を締結した場合、買主が手付を放棄して契約を解除できる期間を「当事者の一方が契約の履行に着手するまで」ではなく「売主が契約の履行に着手するまで」とする特約を定めることができる。",FALSE,"手付解除の期限について、民法の規定（当事者の一方が履行に着手するまで）よりも買主に不利な特約は無効となります。この特約は、買主が履行に着手しても売主が着手するまでは解除できるという、買主に有利な内容のため有効です。"
103-24-29,1,"宅地建物取引業者は、宅地建物取引業保証協会の社員である場合、事業を開始した後に、新たに事務所を設置したときは、その日から2週間以内に、当該事務所に係る営業保証金を供託しなければならない。",FALSE,"保証協会の社員である場合、新たに事務所を設置したときは、営業保証金（本店1000万円）ではなく、弁済業務保証金分担金（本店60万円）を納付します。営業保証金制度と保証協会制度の違いがポイントです。"
103-24-29,2,"宅地建物取引業保証協会は、その社員が社員となる前に締結した媒介契約に関する取引により生じた債権を有する者に対し、弁済業務保証金について弁済をする責任を負わない。",FALSE,"保証協会は、社員が「社員となる前に」行った取引であっても、その取引により生じた債権について弁済責任を負います。顧客保護を厚くするための規定です。"
103-24-29,3,"宅地建物取引業保証協会の社員と宅地建物取引業に関し取引をした者は、その取引により生じた債権に関し、当該社員が納付した弁済業務保証金分担金の額に相当する額の範囲内で、弁済を受ける権利を有する。",FALSE,"弁済を受けられる限度額は、社員が納付した分担金の額（本店60万円）ではなく、その業者がもし営業保証金を供託していた場合の額（本店1000万円）です。"
103-24-29,4,"宅地建物取引業保証協会は、弁済業務保証金の還付があったときは、当該還付に係る社員に対し、還付充当金を協会に納付すべきことを通知しなければならず、当該社員は、その通知を受けた日から2週間以内に、その還付充当金を協会に納付しなければならない。",TRUE,"はい、これが還付後の手続きです。還付によって不足した分を埋めるため、当該社員は協会から通知を受けてから2週間以内に、還付された額と同額の還付充当金を協会に納付する義務があります。"
103-24-31,1,"宅地建物取引業者は、建物の貸借の媒介において、依頼者との間で専任媒介契約を締結した場合、指定流通機構に登録しなければならない。",TRUE,"はい、賃貸借の媒介であっても、専任媒介契約または専属専任媒介契約を締結した場合は、売買・交換の場合と同様に、指定流通機構（レインズ）への物件登録義務があります。"
103-24-31,2,"宅地建物取引業者は、一団の宅地の分譲について、複数の案内所を設置して売主の代理を行う場合、すべての案内所に専任の宅地建物取引士を置かなければならない。",FALSE,"専任の宅建士の設置義務があるのは、契約の締結または申込みを受ける案内所のみです。単なる物件の紹介や資料の配布のみを行う案内所には、設置義務はありません。"
103-24-31,3,"宅地建物取引業者は、建物の売買の媒介において、37条書面を交付する場合、買主が宅地建物取引業者であれば、宅地建物取引士をして記名押印させる必要はない。",FALSE,"37条書面（契約書面）への宅建士の記名押印は、相手方が宅建業者であっても省略することはできません。これは取引の責任を明確にするための重要な手続きです。"
103-24-31,4,"宅地建物取引業者は、その事務所に、業務に従事する者5人につき1人以上の割合で専任の宅地建物取引士を置かなければならないが、その者が一時的に業務に従事できない場合、他の事務所の専任の宅地建物取引士を一時的に従事させることができる。",FALSE,"専任の宅建士は、その名の通り、その事務所に「専任」でなければなりません。他の事務所の専任宅建士が兼務することは認められません。"
103-24-33,1,"宅地建物取引業者が建物の貸借の媒介を行う場合、当該建物が津波災害警戒区域内にあるときは、その旨を重要事項として説明しなければならない。",TRUE,"はい、水防法および津波防災地域づくりに関する法律の改正により、対象物件がこれらのハザードエリア内に位置するかどうかは、売買・交換・貸借のいずれの取引においても、重要事項説明の対象となります。"
103-24-33,2,"宅地建物取引業者が建物の売買の媒介を行う場合、私道に関する負担について説明する必要があるが、私道が建築基準法上の道路であるか否かにかかわらず、その負担の内容を説明すればよい。",FALSE,"私道に関する負担だけでなく、その私道が建築基準法上の道路として認められているか否か（再建築可能か）は、土地の価値を左右する極めて重要な事項であり、説明が必要です。"
103-24-33,3,"宅地建物取引業者が建物の売買の媒介を行う場合、当該建物の耐震診断の記録があるときは、その内容を説明しなければならないが、記録がない場合に、その旨を説明する必要はない。",FALSE,"耐震診断の記録がある場合はその内容を、記録がない場合は「記録がない」という事実を説明する必要があります。有るか無いか、そのものを説明することが義務です。"
103-24-33,4,"宅地建物取引業者が自ら売主として建物の売買を行う場合、代金以外の金銭の授受の定めがあるときは、その額及び授受の目的を説明しなければならないが、その金銭の保全措置の概要については説明しなくてもよい。",FALSE,"手付金等の保全措置を講じる場合は、その措置の概要（保証委託契約、保険契約など）についても、重要事項として説明する必要があります。"
103-24-36,1,"宅地建物取引業者は、自ら売主として、宅地建物取引業者でない買主との間で締結した売買契約について、クーリング・オフによる解除があった場合でも、買主に対して損害賠償を請求することができる。",FALSE,"クーリング・オフは、買主が無条件で契約を解除できる制度です。宅建業者は、これに伴う損害賠償や違約金の請求を一切行うことができません（宅建業法第37条の2）。"
103-24-36,2,"宅地建物取引業者は、自ら売主として、宅地建物取引業者でない買主との間で締結した売買契約について、クーリング・オフによる手付金の返還を、契約の履行のために要した費用の控除の後に行うことができる。",FALSE,"クーリング・オフによる解除の場合、宅建業者は、受領した手付金その他の金銭の「全額」を、速やかに返還しなければなりません。費用を控除（相殺）することは認められません。"
103-24-36,3,"宅地建物取引業者は、自ら売主として、宅地建物取引業者でない買主との間で売買契約を締結した場合、当該買主がクーリング・オフについて告げられた日から起算して8日を経過するまでは、目的物を引き渡すことはできない。",FALSE,"クーリング・オフ期間中であっても、目的物を引き渡すこと自体は禁止されていません。ただし、目的物を引き渡し、かつ、代金の全額が支払われたときは、買主はクーリング・オフができなくなります。"
103-24-36,4,"宅地建物取引業者は、自ら売主として、宅地建物取引業者でない買主との間で売買契約を締結した場合、当該買主は、クーリング・オフについて告げられた日から起算して8日を経過した後でも、目的物の引渡しを受けておらず、かつ、代金の全額を支払っていなければ、契約の解除を行うことができる。",TRUE,"はい、クーリング・オフの起算点（8日間）が経過していても、「目的物の引渡しを受け、かつ、代金全額を支払った」という状態になるまでは、買主はクーリング・オフによる解除が可能です。"
103-24-38,1,"宅地建物取引業者は、自ら売主として宅地建物取引業者でない買主との間で締結する建物の売買契約において、瑕疵担保責任を負う期間を「引渡しの日から3年間」とする特約を定めることができる。",TRUE,"民法の原則（買主が知った時から1年）よりも買主に不利な特約は無効ですが、「引渡しの日から2年以上」とする特約は有効です。したがって「3年間」とする特約は有効です（宅建業法第40条）。"
103-24-38,2,"宅地建物取引業者は、自ら売主として宅地建物取引業者でない買主との間で締結する宅地の売買契約において、当事者の債務不履行を理由とする契約の解除に伴う損害賠償の予定額を代金の額の3割とし、かつ、違約金を代金の額の3割とする特約を定めることができる。",FALSE,"損害賠償の予定額と違約金を合算した額が、代金の2割を超えてはなりません。このケースでは合計で6割となっており、2割を超える部分は無効となります（宅建業法第38条）。"
103-24-38,3,"宅地建物取引業者は、自ら売主として宅地建物取引業者でない買主との間で建物の割賦販売契約を締結した場合、賦払金の支払義務が履行されないことを理由に契約を解除するには、30日以上の相当の期間を定めて書面で催告しなければならない。",TRUE,"その通りです。これは消費者を保護するための規定であり、即時解除は認められず、30日以上の支払猶予期間を与えた書面による催告が必要です（宅建業法第41条）。"
103-24-38,4,"宅地建物取引業者は、自ら売主として宅地建物取引業者でない買主との間で宅地の売買契約を締結した場合、買主が手付を放棄して契約を解除できる期間を「当事者の一方が契約の履行に着手するまで」ではなく「売主が契約の履行に着手するまで」とする特約を定めることができる。",FALSE,"手付解除の期限について、民法の規定（当事者の一方が履行に着手するまで）よりも買主に不利な特約は無効となります。この特約は、買主が履行に着手しても売主が着手するまでは解除できるという、買主に有利な内容のため有効です。"
103-24-40,1,"住宅瑕疵担保履行法によれば、自ら売主として新築住宅を宅地建物取引業者でない買主に引き渡した宅地建物取引業者は、基準日（毎年3月31日）から3週間以内に、資力確保措置の状況を免許権者に届け出なければならない。",TRUE,"はい、新築住宅の売主である宅建業者は、瑕疵担保責任を履行するための資力確保（保険への加入または保証金の供託）が義務付けられており、その状況を年1回、基準日から3週間以内に届け出る必要があります。"
103-24-40,2,"住宅瑕疵担保履行法によれば、自ら売主として新築住宅を宅地建物取引業者である買主に引き渡した宅地建物取引業者は、住宅販売瑕疵担保保証金の供託又は住宅販売瑕疵担保責任保険契約の締結を行う義務を負わない。",TRUE,"その通りです。この法律は、資力の乏しい一般消費者を保護する目的があるため、買主が宅建業者であるプロ間取引の場合は、資力確保措置の義務は適用されません。"
103-24-40,3,"住宅瑕疵担保履行法によれば、住宅販売瑕疵担保責任保険契約を締結した宅地建物取引業者は、当該住宅を引き渡した買主に対し、保険証券又はこれに代わる書面を交付しなければならない。",TRUE,"はい、買主が瑕疵を発見した際に、直接保険法人に保険金を請求できるようにするため、保険証券等の交付が義務付けられています。"
103-24-40,4,"住宅瑕疵担保履行法によれば、新築住宅とは、「新たに建設された住宅で、まだ人の居住の用に供されたことのないもの」をいい、建設工事の完了の日から起算して2年を経過したものは含まれない。",FALSE,"新築住宅の定義は、「人の居住の用に供されたことのないもの」で、かつ「建設工事の完了の日から起算して1年を経過しないもの」です。2年ではなく1年です。"
104-24-46,1,"個人の居住用財産の譲渡所得の3,000万円特別控除は、譲渡した家屋や敷地の所有期間が、譲渡した年の1月1日において5年を超えていることが適用の要件である。",FALSE,"3,000万円特別控除には、所有期間の長短は要件とされていません。所有期間が要件となるのは、軽減税率の特例（10年超所有）や、買換えの特例などです。"
104-24-46,2,"譲渡した家屋に自己が居住しなくなった日から3年を経過する日の属する年の12月31日までに譲渡すれば、居住用財産の3,000万円特別控除の適用を受けることができる。",TRUE,"はい、現在住んでいなくても、住まなくなった日から3年後の年末までに譲渡すれば、この特例の対象となります。"
104-24-46,3,"居住用財産の3,000万円特別控除と、所有期間が10年を超える居住用財産を譲渡した場合の軽減税率の特例は、重複して適用を受けることができない。",FALSE,"この2つの特例は、要件を満たせば併用することが可能です。3,000万円を控除した後の課税譲渡所得に対して、軽減税率が適用されます。"
104-24-46,4,"居住用財産をその配偶者に譲渡した場合は、居住用財産の3,000万円特別控除の適用を受けることができる。",FALSE,"配偶者や直系血族、生計を一つにする親族など、特殊な関係がある者への譲渡は、この特例の適用対象外です。"
104-24-47,1,"不動産取得税は、家屋が新築されたが、まだ登記が行われていない場合でも課税される。",TRUE,"不動産取得税は、登記の有無にかかわらず、不動産を「取得」したという事実に基づいて課税されます。これを実質課税の原則といいます。"
104-24-47,2,"不動産取得税は、不動産の価格を課税標準として課されるが、宅地の取得に係る課税標準は、当該宅地の価格の2分の1の額とされる。",TRUE,"はい、宅地を取得した場合の課税標準については、固定資産税評価額の2分の1とする特例措置が講じられています。"
104-24-47,3,"不動産取得税は、都道府県が課税する税金であるが、その徴収は、市町村が都道府県から委任を受けて行う。",TRUE,"その通りです。不動産取得税は都道府県税ですが、賦課徴収の事務は、住民に身近な市町村に委任されています。"
104-24-47,4,"床面積250㎡の居住用の中古住宅を取得した場合、不動産取得税の課税標準からの控除を受けることはできない。",FALSE,"中古住宅の控除（新築年月日によって控除額は異なる）を受けるための床面積要件は、50㎡以上240㎡以下です。したがって、250㎡のこの住宅は床面積要件を満たさないため、控除は受けられません。"
104-24-48,1,"固定資産税は、市町村が課税する税金であり、その納税義務者は、毎年1月1日現在の固定資産の所有者として固定資産課税台帳に登録されている者である。",TRUE,"はい、これが固定資産税の納税義務者の定義です。年の途中で売買があっても、納税義務者は1月1日時点の所有者のままです（賦課期日主義）。"
104-24-48,2,"固定資産税の課税標準となるべき価格（固定資産税評価額）は、3年ごとに評価替えが行われる。",TRUE,"はい、原則として、3年に一度の「基準年度」に、土地・家屋の評価額が見直されます。"
104-24-48,3,"住宅用地については、その面積にかかわらず、固定資産税の課税標準の特例が適用され、課税標準が価格の3分の1とされる。",FALSE,"課税標準の特例は、住宅1戸あたり200㎡までの部分（小規模住宅用地）は価格の6分の1、それを超える部分（一般住宅用地）は価格の3分の1とされています。面積にかかわらず、ではありません。"
104-24-48,4,"固定資産税の納税義務者は、その納付すべき固定資産税額の算定に用いられた価格に不服がある場合でも、固定資産評価審査委員会に審査の申出をすることはできない。",FALSE,"価格に不服がある場合は、納税者は、固定資産課税台帳の縦覧期間の初日から納税通知書の交付を受けた日後3か月を経過する日までの間に、固定資産評価審査委員会に審査の申出をすることができます。"
104-24-49,1,"土地の有効な利用の促進を図ることを目的とする景観計画を定めることができるのは、都道府県又は市町村に限られる。",FALSE,"景観計画は、都道府県、市町村のほか、景観行政団体であれば定めることができます。景観行政団体には、政令市、中核市などが含まれます。"
104-24-49,2,"景観計画区域内において建築物の新築を行おうとする者は、その行為に着手する日の30日前までに、行為の種類、場所等を景観行政団体の長に届け出なければならない。",TRUE,"はい、景観計画区域内での建築行為等には、事前の届出が義務付けられています。これにより、景観行政団体は計画との適合性を確認します。"
104-24-49,3,"景観行政団体の長は、届出があった場合において、その届出に係る行為が景観計画に適合しないと認めるときは、その届出をした者に対し、設計の変更その他の必要な措置をとることを勧告又は命令することができる。",TRUE,"その通りです。届出された行為が景観計画に適合しない場合、まず勧告が行われ、それに従わない場合は、より強制力のある変更命令が出されることがあります。"
104-24-49,4,"景観協定の区域内の土地の所有者等は、景観協定において定められた建築物の意匠の制限に違反した場合でも、当該景観協定の効力が及ぶ。",TRUE,"景観協定は、土地所有者等の合意に基づいて締結されるもので、協定に違反してもその効力は維持されます。ただし、協定の当事者は違反者に対して差止め等を請求することができます。"
104-24-50,1,"住宅金融支援機構は、貸付けを受けた者が経済情勢の著しい変動に伴い元利金の支払が著しく困難となった場合には、貸付けの条件の変更又は元利金の支払方法の変更をすることができる。",TRUE,"はい、機構には、返済困難者に対する返済条件の変更（返済期間の延長など）といったセーフティネット機能があります。"
104-24-50,2,"住宅金融支援機構の証券化支援事業（買取型）は、民間金融機関の住宅ローン債権を機構が譲り受け、それを担保として資産担保証券（MBS）を発行し、投資家に販売する仕組みである。",TRUE,"はい、これが「フラット35」の基本的な仕組みです。民間金融機関は貸倒れリスクを負うことなく、長期固定金利の住宅ローンを提供できます。"
104-24-50,3,"住宅金融支援機構は、子どもを育成する家庭又は高齢者世帯に適した良好な居住性能を有する賃貸住宅の建設に必要な資金の貸付けを業務として行っている。",TRUE,"はい、機構は、良質なファミリー向け賃貸住宅やサービス付き高齢者向け住宅などの建設・改良資金について、賃貸住宅融資を行っています。"
104-24-50,4,"住宅金融支援機構は、証券化支援事業（買取型）において、債務者が借り入れる住宅ローンの対象となる住宅に、床面積による制限を設けていない。",FALSE,"フラット35の対象となる住宅には、床面積の要件があります。一戸建ての場合は70㎡以上、マンションの場合は30㎡以上と定められています。"
101-23-1,1,"AがBに対して100万円の貸金債権を有している場合、この債権の消滅時効は、Aが権利を行使することができる時から10年である。",FALSE,"改正民法により、債権の消滅時効は原則として「①権利を行使することができることを知った時から5年間」または「②権利を行使することができる時から10年間」のいずれか早い方となります。単に10年と限定しているため誤りです。"
101-23-1,2,"AがBに対して有する貸金債権について、消滅時効が完成した後でも、BがAに対して債務の存在を承認した場合、Bはその後、完成した消滅時効を援用することはできない。",TRUE,"はい、その通りです。時効が完成しても、債務者がその後に債務を承認すると、信義則上、時効の利益を放棄したものとみなされ、完成した時効の援用（時効が成立したと主張すること）はできなくなります。"
101-23-1,3,"AがBに対して有する貸金債権について、AがBに対して裁判上の請求を行った場合、その請求が確定判決によらずに取り下げられたときでも、時効の完成は猶予される。",FALSE,"裁判上の請求は時効の完成猶予事由となりますが、途中で取り下げられた場合は、その効力が失われます。したがって、時効は猶予されず、進行を続けます。"
101-23-1,4,"AがBに対して有する貸金債権について、AとBとの間で支払猶予に関する協議を行う旨の合意が書面でされた場合、時効の完成は1年間猶予される。",TRUE,"はい、改正民法で新設された「協議を行う旨の合意による時効の完成猶予」の規定です。書面（または電磁的記録）で合意した場合、原則として1年間、時効の完成が猶予されます（民法第151条）。"
101-23-2,1,"A所有の甲土地につき、Bが建物を所有する目的で期間を定めずにAと賃貸借契約を締結した場合、当該契約の存続期間は30年となる。",TRUE,"はい、借地権の存続期間を定めなかった場合、その期間は30年となります（借地借家法第3条）。"
101-23-2,2,"A所有の甲土地につき、Bが建物を所有する目的で存続期間を20年としてAと賃貸借契約を締結した場合、当該契約の存続期間は30年となる。",TRUE,"借地権の存続期間は最低でも30年です。これより短い期間（例えば20年）を定めても、その定めは無効となり、期間は30年に修正されます（借地借家法第3条、第9条）。"
101-23-2,3,"A所有の甲土地につき、Bが事業の用に供する建物を所有する目的で存続期間を15年としてAと事業用定期借地権設定契約を締結した場合、当該契約の存続期間は15年となる。",TRUE,"事業用定期借地権の存続期間は10年以上50年未満で設定できます。通常の借地権と異なり、30年未満の期間（例えば15年）も有効です。"
101-23-2,4,"A所有の甲土地につき、一時使用目的であることが明らかな場合を除き、Bが臨時設備の設置その他一時使用のためにAと賃貸借契約を締結した場合でも、借地借家法の規定が適用される。",FALSE,"臨時設備の設置など、一時使用目的であることが明らかな借地契約には、存続期間などの借地借家法の主要な規定は適用されません（借地借家法第25条）。"
101-23-3,1,"AがBに甲土地を売却したが、Bはまだ所有権移転登記を行っていない。この場合、悪意のCがAから甲土地を二重に譲り受け、先に所有権移転登記を備えても、CはBに対して甲土地の所有権を主張できない。",FALSE,"不動産の所有権は登記が対抗要件です。たとえ二重譲受人CがBの存在を知っていた（悪意）としても、先に登記を備えた方が所有権を主張できます。これを背信的悪意者でない限り、登記の早い者勝ちとなります。"
101-23-3,2,"AがBに甲土地を売却し、Bが所有権移転登記を行った。その後、Aが「Bの詐欺によって売買契約を締結した」として契約を取り消した場合、Aは登記なくしてその取消しを取消し後の第三者Cに対抗することができる。",FALSE,"詐欺による取消しは有効ですが、その効果を第三者に対抗するためには登記が必要です。判例では、取消し後の第三者との関係は対抗関係（早い者勝ち）になるとされており、Aは所有権を取り戻す登記をしなければCに対抗できません。"
101-23-3,3,"Aが所有する甲土地につき、取得時効が完成したBがまだ所有権移転登記を行っていない間に、Aが甲土地をCに売却しCが所有権移転登記を備えた場合、CがBの時効完成の事実を知っていた（悪意）としても、BはCに対して時効取得を主張できる。",FALSE,"時効完成後の第三者との関係は対抗関係（登記の早い者勝ち）となります。時効取得者Bは登記をしなければ、その後に現れた第三者C（たとえ悪意でも）に所有権を対抗することはできません。"
101-23-3,4,"AがBに甲土地を売却し、Bが所有権移転登記を行った。その後、AとBが売買契約を合意解除した場合、Aは、その旨の登記をしなければ、BがAに甲土地を売却したと信じてBから甲土地を購入した第三者Cに対して、所有権を主張することができない。",TRUE,"その通りです。判例によれば、契約の解除による所有権の復帰を第三者に対抗するためには、登記が必要です。Aは解除による抹消登記などをしなければ、善意の第三者であるCに所有権を主張できません。"
101-23-4,1,"AがBに建物の建築を注文し、Bがこれを完成させた場合、建物の所有権は、特約がない限り、引渡しの時にBからAに移転する。",FALSE,"請負契約における建物の所有権は、特約がない限り、材料の主要部分を提供した者に原始的に帰属します。注文者Aが材料を提供すればAに、請負人Bが提供すればBに帰属し、引渡しによって移転します。設問は材料提供者に言及していないため不正確です。"
101-23-4,2,"請負契約の目的物である建物に重大な瑕疵があるためにこれを建て替えざるを得ない場合を除き、注文者は、瑕疵の修補に代わる損害賠償を請求することはできない。",FALSE,"注文者は、瑕疵の修補に代わる、または修補とともに損害賠償を請求することができます。また、建て替えが必要なほどの重大な瑕疵がある場合は、契約の解除も可能です。"
101-23-4,3,"請負人は、注文者から破産手続開始の決定を受けたときは、契約の解除をすることができる。この場合において、請負人は、注文者に対し、契約の解除によって生じた損害の賠償を請求することができる。",FALSE,"注文者が破産した場合、請負人は契約を解除できます。しかし、その解除によって生じた損害の賠償を請求することはできず、仕事の完成部分の報酬などを破産財団から配当で受け取ることになります。"
101-23-4,4,"建物の建築工事が完了しない間は、注文者は、いつでも損害を賠償して契約の解除をすることができる。",TRUE,"はい、これが請負契約における注文者からの任意解除権です。仕事が完成する前であれば、注文者は、いつでも請負人に生じた損害を賠償して、一方的に契約を解除することができます（民法第641条）。"
101-23-5,1,"AがBに甲土地を売却し、Bが代金の一部を支払った。Aが履行の催告をしないで契約を解除した場合、BはAに対して、受領済みの金銭を返還するよう請求できる。",TRUE,"履行遅滞による契約解除には、原則として相当の期間を定めた催告が必要です。無催告での解除は無効であり、契約は存続しています。もしAが契約終了を主張するなら、Bは支払った金銭の返還を請求できます。"
101-23-5,2,"AがBに甲土地を売却し、Aが引渡しを、Bが代金の支払いを遅滞している。AはBに対し、Bが代金の支払いを提供するまで、甲土地の引渡しを拒むことができる。",TRUE,"はい、これは同時履行の抗弁権です。双務契約の当事者は、相手方がその債務の履行を提供するまでは、自己の債務の履行を拒むことができます（民法第533条）。"
101-23-5,3,"AがBに甲土地を売却する契約を締結した後、引渡し前に、第三者の放火で甲土地が滅失した場合、BはAに対して、契約を解除することができる。",TRUE,"はい、これは危険負担の問題です。当事者双方の責任なく目的物が滅失し、履行が不能となった場合、買主Bは代金の支払いを拒絶するとともに、契約を解除することができます（民法第567条、第542条）。"
101-23-5,4,"AがBに甲土地を売却し、Bが所有権移転登記を備えたが、甲土地がCの所有地であった。Bは、Aの担保責任を追及して、損害賠償を請求することはできるが、契約を解除することはできない。",FALSE,"他人物売買であり、売主Aが所有権を移転できない場合、買主Bは、Aが悪意（他人物であることを知っていた）か善意かにかかわらず、契約を解除することができます。また、損害賠償請求も可能です（民法第561条）。"
101-23-6,1,"AがBとCからそれぞれ500万円を借り入れ、その担保としてA所有の甲土地にBを第一順位、Cを第二順位とする抵当権を設定した。Bが抵当権を実行した場合、Cの抵当権は消滅しない。",FALSE,"抵当不動産が競売された場合、その不動産上のすべての抵当権は、順位にかかわらず消滅します（消除主義）。後順位抵当権者Cは、売却代金からBが弁済を受けた後の残額から配当を受けることになります。"
101-23-6,2,"AがBから2,000万円を借り入れ、その担保としてA所有の甲土地と乙土地に共同抵当権を設定した。甲土地の競売代金からBが1,200万円の弁済を受けた場合、Aは、乙土地の抵当権の消滅をBに請求することはできない。",TRUE,"共同抵当の場合、被担保債権全額の弁済を受けるまで、各不動産の抵当権は存続します。一部弁済を受けただけでは、残りの不動産の抵当権を消滅させることはできません。"
101-23-6,3,"AがBから1,000万円を借り入れ、その担保としてA所有の甲建物に抵当権を設定した。Aが甲建物をCに賃貸した場合、Bは抵当権の実行に際し、賃借人Cに6か月の明渡し猶予を与えなければならない。",TRUE,"はい、抵当権設定登記後に締結された賃貸借契約の賃借人は、競売の買受人に対抗できませんが、買受けの時から6か月間は建物の明渡しが猶予されます（明渡し猶予制度）。"
101-23-6,4,"Aが更地である甲土地に抵当権を設定した後、Aが甲土地上に乙建物を築造した場合、抵当権者は、甲土地の抵当権を実行するに際し、甲土地と乙建物を一括して競売することはできない。",FALSE,"抵当権設定後の更地に建物が築造された場合、抵当権者は、土地とともにその建物を一括して競売することができます（一括競売）。ただし、建物の代金から優先弁済を受けることはできません（民法第389条）。"
101-23-7,1,"A、B、Cが各3分の1の持分で甲土地を共有している。Aは、BとCの同意がなければ、自己の持分を放棄することができない。",FALSE,"持分の放棄は、各共有者が単独の意思表示で行うことができます。他の共有者の同意は不要です。放棄された持分は、他の共有者に帰属します。"
101-23-7,2,"A、B、Cが各3分の1の持分で甲土地を共有している。A、B、Cの間で甲土地を分割しない旨の合意がある場合でも、その合意の有効期間は更新の時から5年を超えることができない。",TRUE,"はい、共有物不分割特約の期間は5年が上限です。合意により更新することもできますが、更新後の期間も5年を超えることはできません（民法第256条）。"
101-23-7,3,"A、B、Cが各3分の1の持分で甲土地を共有している。AがBとCに無断で甲土地全体をDに売却した場合、当該売買契約は無効である。",FALSE,"他人の権利を売買する契約も、それ自体は有効に成立します。Aは、自己の持分についてはDに移転する義務を負い、BとCの持分については、それを取得してDに移転する義務を負います。移転できなければ、債務不履行責任を問われます。"
101-23-7,4,"A、B、Cが各3分の1の持分で甲土地を共有している。Dが甲土地を不法に占有している場合、Aは単独でDに対して、甲土地の明渡しを請求することはできない。",FALSE,"不法占有者に対する明渡請求は、共有物の保存行為にあたるため、各共有者が単独で行うことができます。"
101-23-8,1,"AのBに対する金銭債務について、CがBとの間で保証契約を締結した場合、当該保証契約は書面でしなければその効力を生じない。",TRUE,"はい、保証契約は、口頭では成立せず、書面または電磁的記録によって行わなければ、その効力を生じません。保証人の保護を厚くするための要件です（民法第446条）。"
101-23-8,2,"CがAのBに対する金銭債務の連帯保証人である場合、BがCに対して履行を請求しても、Cは、まず主たる債務者Aに催告すべき旨を請求することができない。",TRUE,"これが連帯保証人の特徴です。通常の保証人と異なり、連帯保証人には、まず主債務者に請求せよと主張する「催告の抗弁権」がありません。"
101-23-8,3,"CがAのBに対する金銭債務の連帯保証人である場合、BがAの財産を差し押さえることなくCの財産を差し押さえてきても、Cは、まず主たる債務者Aの財産を差し押さえるべき旨を請求することができない。",TRUE,"これも連帯保証人の特徴です。連帯保証人には、まず主債務者の財産から執行せよと主張する「検索の抗弁権」がありません。BはAとCのどちらからでも、自由に債権を回収できます。"
101-23-8,4,"AのBに対する金銭債務について、C及びDがそれぞれBとの間で保証契約を締結した。CとDとの間に連帯の特約がない場合でも、CとDは、各自、全額について保証債務を履行する義務を負う。",FALSE,"複数の保証人がいる場合、連帯の特約がなければ「分別の利益」があり、各保証人は、保証人の頭数で割った平等の割合で義務を負います。全額の義務は負いません。"
101-23-9,1,"委任契約は、委任者又は受任者のいずれか一方がいつでもその解除をすることができる。",TRUE,"はい、委任契約は当事者間の信頼関係を基礎とするため、いつでも一方的に解除することができます。ただし、相手方に不利な時期に解除した場合などは、損害賠償義務が生じることがあります（民法第651条）。"
101-23-9,2,"委任契約は、委任者又は受任者が破産手続開始の決定を受けたことによって終了する。",TRUE,"委任契約は当事者の信頼関係や資力を基礎とするため、当事者の死亡または破産手続開始の決定によって、当然に終了します（民法第653条）。"
101-23-9,3,"受任者は、委任事務を処理するために費用を要する場合、委任者に対し、その費用の前払を請求することができない。",FALSE,"受任者は、委任事務の処理に費用がかかる場合、委任者に対してその費用の前払いを請求することができます（民法第649条）。"
101-23-9,4,"受任者は、委任者の許諾を得たときでなければ、復受任者を選任して委任事務を処理させることができない。",TRUE,"委任契約は特定の相手を信頼して依頼するものであるため、受任者は原則として自ら事務を処理しなければなりません。復代理人を選任するには、委任者の許諾またはやむを得ない事由が必要です（民法第104条）。"
101-23-10,1,"相続人が数人いる場合、各共同相続人は、その法定相続分に応じて被相続人の権利義務を承継し、遺産分割までの間は、各相続財産を共有する。",TRUE,"はい、これが共同相続の基本的な状態です。遺言がない場合、相続財産は、遺産分割協議が完了するまで、法定相続人の共有状態となります。"
101-23-10,2,"被相続人の配偶者と子が相続人である場合、配偶者の法定相続分は2分の1、子の法定相続分は2分の1である。",TRUE,"その通りです。子が複数人いる場合は、その2分の1の相続分を子の人数で均等に分け合います。"
101-23-10,3,"被相続人の配偶者と兄弟姉妹が相続人である場合、配偶者の法定相続分は3分の2、兄弟姉妹の法定相続分は3分の1である。",FALSE,"配偶者と兄弟姉妹が相続人となる場合の法定相続分は、配偶者が4分の3、兄弟姉妹が4分の1です。"
101-23-10,4,"被相続人の遺言がない場合、共同相続人は、いつでもその協議で遺産の分割をすることができる。",TRUE,"はい、遺言による分割方法の指定がない限り、共同相続人は、いつでも協議によって自由に遺産の分割方法を決めることができます（遺産分割協議）。"
101-23-11,1,"区分所有法によれば、区分所有者は、規約に別段の定めがない限り、集会の決議によって、管理者を選任し、又は解任することができる。",TRUE,"はい、管理者は、原則として、区分所有者及び議決権の各過半数による集会の決議で選任・解任されます。規約で別段の定めをすることも可能です。"
101-23-11,2,"区分所有法によれば、集会において、区分所有者及び議決権の各5分の4以上の多数による建替え決議があったときは、当該決議に賛成しなかった区分所有者も、当該決議に従う義務がある。",FALSE,"建替え決議に賛成しなかった区分所有者は、決議に従う義務はありません。ただし、建替えに参加しない場合は、決議に賛成した区分所有者等が、その区分所有権および敷地利用権を時価で売り渡すよう請求することができます（売渡し請求権）。"
101-23-11,3,"区分所有法によれば、管理者は、少なくとも毎年1回集会を招集しなければならないが、区分所有者全員の同意があるときは、集会を招集しないで書面又は電磁的方法による決議をすることができる。",TRUE,"その通りです。管理者は毎年1回の定期集会を招集する義務がありますが、全員の同意があれば、集会を開かずに書面投票等で決議することも認められています（書面決議）。"
101-23-11,4,"区分所有法によれば、共用部分の変更（その形状又は効用の著しい変更を伴わないものを除く。）は、区分所有者及び議決権の各4分の3以上の多数による集会の決議で決するが、この区分所有者の定数は、規約で過半数まで減ずることができる。",TRUE,"はい、大規模修繕などの「特別決議」は、原則として区分所有者・議決権の各4分の3以上が必要です。ただし、この「区分所有者の頭数」については、規約で過半数まで緩和することが認められています（議決権の4分の3以上は緩和不可）。"
101-23-12,1,"不動産の登記記録において、権利部の甲区に記録される事項は、所有権の保存、移転のほか、所有権の変更、更正、抹消などである。",TRUE,"はい、甲区は「所有権に関する事項」を記録する欄です。所有権の発生、移転、変更、消滅などが時系列で記録されます。"
101-23-12,2,"不動産の登記記録において、権利部の乙区に記録される事項は、抵当権、地役権、賃借権などの所有権以外の権利に関する事項である。",TRUE,"はい、乙区は「所有権以外の権利に関する事項」を記録する欄です。抵当権や賃借権、地役権などの設定、変更、消滅が記録されます。"
101-23-12,3,"建物の表示に関する登記の登記事項は、所在、家屋番号、種類、構造、床面積のほか、建物の名称があるときはその名称も記録される。",TRUE,"その通りです。これらの事項が、不動産の物理的な状況を示す「表題部」に記録されます。"
101-23-12,4,"土地の登記事項証明書の交付を請求する場合、地番でなく、いわゆる住居表示で請求することができる。",FALSE,"登記は地番によって管理されています。したがって、登記事項証明書の請求は、住居表示ではなく、正確な地番で行う必要があります。"
101-23-13,1,"建物の所有を目的とする土地の賃借権は、これを登記していなくても、その土地の上に借地権者が登記されている建物を所有するときは、これをもって第三者に対抗することができる。",TRUE,"はい、これが借地権の対抗要件です。借地権自体の登記がなくても、土地上の建物に自己名義の所有権保存登記または移転登記を備えれば、借地権を第三者に対抗できます（借地借家法第10条）。"
101-23-13,2,"建物の賃貸借は、これを登記していなくても、建物の引渡しがあったときは、その後その建物について物権を取得した者に対し、その効力を生ずる。",TRUE,"はい、これが借家権の対抗要件です。賃借権の登記がなくても、実際にその建物に居住するなど「引渡し」を受けていれば、新しい所有者などの第三者に賃借権を対抗できます（借地借家法第31条）。"
101-23-13,3,"借地権の存続期間が満了した場合、契約の更新がないときは、借地権者は、借地権設定者に対し、建物を時価で買い取るべきことを請求することができる。",TRUE,"はい、これを建物買取請求権といいます。借地上の建物が存在する場合、借地人は地主に対し、建物を時価で買い取るよう請求できます。地主はこれを拒むことはできません（強行規定）。"
101-23-13,4,"借地上の建物が滅失した場合、借地権者が借地権設定者の承諾を得ないで残存期間を超えて存続すべき建物を築造したときは、借地権設定者は、土地の賃貸借契約を解除することができる。",TRUE,"はい、建物の再築には原則として地主の承諾が必要です。特に、残存期間を超えるような建物を無断で再築する行為は、信頼関係を破壊する行為として契約解除の正当事由となり得ます。"
101-23-14,1,"Aは、自己の所有する甲土地をBに売却し、引き渡した。Aが甲土地について担保責任を負わない旨の特約を結んでいても、Aが甲土地に抵当権が存在することを知りながらBに告げなかった場合、Aはその責任を免れることができない。",TRUE,"はい、契約不適合責任を負わないとする特約（免責特約）は有効ですが、売主が知りながら告げなかった事実（この場合は抵当権の存在）については、責任を免れることはできません（民法第572条）。"
101-23-14,2,"Aは、自己の所有する甲土地をBに売却し、引き渡した。甲土地の面積が契約の内容に適合しない場合、BはAに対して、代金の減額を請求することができる。",TRUE,"はい、数量不足は契約不適合の一種です。買主Bは、追完請求（不足分の引渡し）とともに、または追完がなされない場合に代金減額を請求することができます。"
101-23-14,3,"Aは、自己の所有する甲土地をBに売却し、引き渡した。甲土地が第三者の権利を侵害することが契約の内容に適合しない場合、Bは、その不適合を知った時から2年以内にAにその旨を通知しないと、契約の解除をすることができない。",FALSE,"買主が契約不適合を知った時から「1年以内」にその旨を売主に通知しないと、追完請求や代金減額請求、契約解除などができなくなります。2年ではありません。"
101-23-14,4,"Aは、自己の所有する甲土地をBに売却し、引き渡した。甲土地がCの所有物であり、Aがその所有権をBに移転できない場合、Bは、Aに対して損害賠償を請求することはできるが、契約を解除することはできない。",FALSE,"他人物売買であり、売主Aが所有権を移転できない場合、買主Bは、契約を解除することができます。また、損害賠償請求も可能です。"
102-23-15,1,"市街化区域内において、2,500㎡の土地で、自己の居住の用に供する住宅を建築する目的で開発行為を行う場合、開発許可は不要である。",FALSE,"市街化区域における開発許可の面積基準は、原則として1,000㎡以上です。自己居住用であっても、2,500㎡の開発行為には許可が必要です。"
102-23-15,2,"市街化調整区域内において、農業を営む者の後継者が、その区域内で居住するための住宅を新築する場合、開発許可は不要である。",TRUE,"はい、市街化調整区域は原則として開発が抑制されますが、農林漁業を営む者の居住用または業務用建築物のための開発行為は、許可が不要となる例外にあたります。"
102-23-15,3,"市街化区域及び市街化調整区域のいずれでもない都市計画区域（非線引区域）において、3,500㎡の土地で、医療法に規定する病院を建築する目的で開発行為を行う場合、開発許可は不要である。",FALSE,"非線引都市計画区域における開発許可の面積基準は、原則として3,000㎡以上です。病院は公益施設ですが、開発許可が不要となる例外にはあたらないため、3,500㎡の開発行為には許可が必要です。"
102-23-15,4,"準都市計画区域内において、2,500㎡の土地で、社会福祉法に規定する老人ホームを建築する目的で開発行為を行う場合、開発許可は不要である。",TRUE,"準都市計画区域における開発許可の面積基準は、原則として3,000㎡以上です。したがって、2,500㎡の開発行為には許可は不要です。"
102-23-16,1,"第一種住居地域においては、客席の部分の床面積の合計が200㎡未満の劇場は建築できるが、200㎡以上のものは建築できない。",TRUE,"はい、第一種住居地域では、小規模な店舗や事務所、劇場などが建築可能です。劇場の規模制限は200㎡未満です。"
102-23-16,2,"近隣商業地域においては、個室付浴場業に係るものなど、一定の風俗営業を営む施設は建築できない。",TRUE,"近隣商業地域は、近隣の住民が日用品の買い物をするための地域であり、風俗営業施設の建築は規制されています。これらの施設は商業地域の一部でのみ建築可能です。"
102-23-16,3,"工業地域においては、共同住宅や老人ホームを建築することができる。",FALSE,"工業地域は、主に工業の利便を図る地域であり、住宅、共同住宅、老人ホーム、学校、病院などの建築は原則として禁止されています。"
102-23-16,4,"工業専用地域においては、公衆浴場や、工場に附属する診療所を建築することができる。",TRUE,"工業専用地域は、ほぼ全ての住宅や店舗、公共施設が建築できませんが、例外的に公衆浴場や、工場で働く人のための診療所などは建築が認められています。"
102-23-17,1,"建築物の敷地が、幅員15m以上の道路（特定道路）に接続する幅員6m以上の道路に接する場合、特定道路から70m以内の部分において、容積率が緩和されることがある。",TRUE,"はい、これが接道義務に関する容積率の緩和規定です。敷地が広い道路に接続する細い道に面している場合に、一定の範囲で容積率が割り増しされます。"
102-23-17,2,"建築物の前面道路の幅員が12m未満の場合、その建築物の容積率は、都市計画で定められた容積率と、前面道路の幅員に法定の数値を乗じたものとを比較して、いずれか大きい方の数値以下でなければならない。",FALSE,"比較して「いずれか厳しい方（小さい方）」の数値以下でなければなりません。これを前面道路幅員による容積率制限といいます。"
102-23-17,3,"第一種住居地域で、その地域の建蔽率の限度が60%とされている場合、防火地域内にあり、かつ、耐火建築物である建築物は、建蔽率の制限を受けない。",FALSE,"防火地域内の耐火建築物は、建蔽率が10%緩和（この場合は70%）されます。建蔽率制限を受けなくなる（100%になる）のは、商業地域で建蔽率80%とされている地域内の防火耐火建築物など、ごく一部のケースです。"
102-23-17,4,"建築物の敷地が2つの異なる用途地域にわたる場合、その敷地内の建築物の用途は、敷地の過半が属する用途地域の規制を受ける。",TRUE,"はい、これが用途地域がまたがる場合の基本的なルールです。建築物の用途については、敷地の面積の大きい方の用途地域の規制が、敷地全体に適用されます。"
102-23-18,1,"宅地造成等規制法において「宅地」とは、農地、採草放牧地及び森林並びに道路、公園、河川その他公共の用に供する施設以外の土地をいう。",TRUE,"はい、これが宅地造成等規制法における「宅地」の定義です。登記上の地目とは関係なく、土地の現況によって判断されます。"
102-23-18,2,"宅地造成工事規制区域内において、高さ1.5mの擁壁の除却工事を行う場合、都道府県知事の許可が必要である。",TRUE,"はい、宅地造成工事規制区域内では、一定規模を超える擁壁（高さ2m超）の設置だけでなく、既存の擁壁の「除却」工事にも都道府県知事の許可が必要です。設問のケースは許可が必要な工事に該当します。"
102-23-18,3,"宅地造成工事規制区域内において、切土であって、当該切土をする土地の面積が400㎡で、かつ、高さ1.5mの崖を生ずることとなるものに関する工事を行う場合、都道府県知事の許可は不要である。",TRUE,"宅地造成に関する工事で許可が必要となるのは、①切土で高さ2m超の崖を生じるもの、②盛土で高さ1m超の崖を生じるもの、③切土と盛土を同時に行い、高さ2m超の崖を生じるもの、④面積が500㎡超のもの、のいずれかに該当する場合です。設問はいずれにも該当しないため許可は不要です。"
102-23-18,4,"宅地造成工事規制区域の指定の際に、すでに造成工事が行われていた宅地の所有者は、その指定があった日から21日以内に、その旨を都道府県知事に届け出る必要はない。",FALSE,"規制区域に指定された際、すでに造成中または造成済みの宅地がある場合、その宅地の所有者、管理者または占有者は、指定日から21日以内に都道府県知事にその旨を届け出る義務があります。"
102-23-19,1,"土地区画整理組合は、その事業に要する経費に充てるため、参加組合員から金銭を徴収することができる。",FALSE,"経費に充てるために金銭を徴収するのは「賦課金」であり、これは土地の権利者である組合員から徴収します。「参加組合員」は、組合に代わって宅地を造成し、保留地を取得するデベロッパーなどを指し、賦課金の対象ではありません。"
102-23-19,2,"施行者は、換地計画において、保留地を定めることができる。定められた保留地は、換地処分の公告があった日の翌日において、施行者が取得する。",TRUE,"はい、保留地は事業費用を捻出するために設けられる土地であり、換地処分の公告の翌日に、施行者が原始的に取得します。その後、売却され事業資金となります。"
102-23-19,3,"換地処分は、関係権利者に対し、換地計画において定められた関係事項を通知してするものとする。",TRUE,"その通りです。換地処分は、施行者が関係権利者（土地所有者や借地権者など）に対して、換地計画の内容（どの土地がどの換地に変わったか等）を通知することによって行われます。"
102-23-19,4,"換地処分の公告があった日後においては、施行地区内の土地及び建物については、換地処分の登記がされるまでは、他の登記をすることができない。",TRUE,"はい、換地処分の公告から登記が完了するまでの間は、権利関係の混乱を避けるため、原則として他のすべての登記（売買による所有権移転登記など）をすることはできません。"
102-23-20,1,"農地を相続した者は、その農地を遺産分割によって取得することが確定した後、遅滞なく農業委員会にその旨を届け出なければならない。",FALSE,"相続による農地の権利取得の届出は、遺産分割の完了を待つ必要はなく、相続の開始があったことを知った時点から遅滞なく行う必要があります。"
102-23-20,2,"市街化区域内の農地を、自家用の駐車場に転用する場合、あらかじめ農業委員会に届け出れば、農地法第4条の許可は不要である。",TRUE,"はい、市街化区域内の農地転用は特例扱いであり、自己所有地を転用する（第4条）場合も、転用目的で取得する（第5条）場合も、都道府県知事の許可は不要で、農業委員会への事前届出で足ります。"
102-23-20,3,"銀行から500万円を借り入れるために、自己所有の農地に抵当権を設定する場合、農地法第3条の許可が必要である。",FALSE,"農地法第3条の許可が必要なのは、農地を農地として使用する目的で、所有権を移転したり、賃借権などを設定したりする場合です。抵当権の設定は、使用収益権の移転を伴わないため、許可は不要です。"
102-23-20,4,"農業者が、自己所有の農地を農作物栽培のための農業用施設（ビニールハウスなど）の敷地に供する場合、農地法第4条の許可が必要である。",FALSE,"農業用施設のように、耕作の事業に供する目的で農地を転用する場合、転用面積が2アール（200㎡）未満であれば、許可は不要です。設問は面積の記載がないため、必ず許可が必要とは限りません。"
102-23-21,1,"国土利用計画法によれば、監視区域内の土地について売買の契約を締結しようとする場合、当事者は、契約を締結する前に、都道府県知事に届け出なければならない。",TRUE,"はい、監視区域、注視区域、規制区域では「事前届出制」が適用されます。契約を締結する前に、予定価格などを知事に届け出て、勧告等がないことを確認する必要があります。"
102-23-21,2,"国土利用計画法によれば、Aが所有する市街化区域内の面積3,000㎡の土地とBが所有する市街化区域内の面積3,000㎡の土地を交換した場合、A及びBは事後届出を行う必要はない。",FALSE,"交換も届出対象の「土地に関する権利の移転」に含まれます。市街化区域では2,000㎡以上が届出対象なので、AとB双方が権利取得者として事後届出を行う必要があります。"
102-23-21,3,"国土利用計画法によれば、事後届出において、届出をした者が都道府県知事から利用目的について勧告を受けた場合、その者はその勧告に従う義務を負う。",FALSE,"事後届出における知事の勧告は、あくまで行政指導であり、法的な拘束力はありません。したがって、勧告に従う義務はありません。ただし、勧告に従わない場合、その旨が公表されることがあります。"
102-23-21,4,"国土利用計画法によれば、宅地建物取引業者が、自己の所有する市街化調整区域内の面積6,000㎡の土地を、宅地建物取引業者でない個人に売却した場合、当該個人は事後届出を行う必要はない。",FALSE,"事後届出の義務は、権利取得者にあります。相手方が業者か否か、また、当事者が業者か否かは関係ありません。市街化調整区域で5,000㎡以上なので、買主である個人は事後届出を行う必要があります。"
102-23-22,1,"宅地とは、宅地建物取引業法上の定義によれば、建物の敷地に供せられる土地に限り、現に建物が存するか否かを問わない。",FALSE,"宅地とは「建物の敷地に供せられる土地」のほか、「用途地域内の土地（道路、公園などを除く）」も含まれます。したがって、建物が建っていなくても、用途地域内にあれば宅地となります。"
102-23-22,2,"宅地建物取引業とは、宅地又は建物について、自己の物件を賃貸することを除き、売買、交換、貸借を不特定多数の者に反復継続して行うことをいう。",FALSE,"自己物件の「賃貸」は宅建業にあたりません。したがって、売買、交換、貸借の「代理・媒介」を業として行う場合が宅建業となります。設問は代理・媒介が抜けています。"
102-23-22,3,"宅地建物取引業者Aが、建築業者Bから、Bが建築した建物の販売代理を依頼され、不特定多数の者に反復継続して販売を行う場合、Aは宅地建物取引業の免許を必要としない。",FALSE,"販売代理を「業として」行うことは、宅建業に該当します。したがって、Aは宅建業の免許が必要です。"
102-23-22,4,"信託会社が宅地建物取引業を営もうとする場合、国土交通大臣に届け出れば、宅地建物取引業の免許を受ける必要はない。",TRUE,"はい、信託会社や信託業務を兼営する銀行は、国土交通大臣に届け出ることで、免許を受けずに宅建業を営むことができます。これは信託業法等に基づく特例です。"
102-23-23,1,"宅地建物取引業者がその業務を営む場所について、一つの都道府県内に本店と支店を設置している場合、国土交通大臣の免許を受けなければならない。",FALSE,"事務所が一つの都道府県内にのみある場合は、その都道府県知事の免許を受けます。複数の都道府県に事務所を設置する場合に、国土交通大臣の免許が必要となります。"
102-23-23,2,"宅地建物取引業の免許の有効期間は5年であり、免許の更新を受けようとする者は、有効期間満了の日の90日前から30日前までの間に申請書を提出しなければならない。",TRUE,"はい、これが免許の有効期間と更新手続きの基本です。"
102-23-23,3,"法人の役員のうちに、破産手続開始の決定を受けて復権を得ない者がいる場合、その法人は宅地建物取引業の免許を受けることができない。",TRUE,"はい、これは免許の欠格事由の一つです。法人の役員に欠格事由に該当する者が一人でもいると、法人全体として免許を受けることができません。"
102-23-23,4,"免許を受けようとする法人の相談役に、宅地建物取引業法の規定に違反し、罰金の刑に処せられ、その刑の執行が終わった日から5年を経過しない者がいる場合、当該法人は免許を受けることができない。",FALSE,"免許の欠格事由となるのは、法人の「役員」または「政令で定める使用人」です。「相談役」がこれらの役職に該当しない限り、その者が欠格事由に該当しても、法人が免許を受けられないわけではありません。"
103-23-24,1,"宅地建物取引士資格試験に合格した者は、合格した日から10年以内に登録を受ける場合、登録のための講習の受講は免除される。",TRUE,"はい、試験合格後1年以内に登録する場合は、実務経験が2年以上ない限り、登録実務講習が必要です。設問は「合格から10年以内」とあり、講習の免除とは関係ありません。"
103-23-24,2,"宅地建物取引士は、宅地建物取引士証の有効期間の更新を受けようとする場合、申請前6月以内に行われる講習で、国土交通大臣が指定したものを受講しなければならない。",TRUE,"はい、これが宅建士証の更新手続きです。5年に一度、法定の講習（法定講習）を受講することで、新しい宅建士証が交付されます。"
103-23-24,3,"宅地建物取引士は、その事務に関し、宅地建物取引業者の業務について指示を受けたときは、従業者であるか否かにかかわらず、その指示に従う義務を負う。",FALSE,"宅地建物取引士は、その専門性を活かし、法令に反するような不当な指示に対しては、それを拒否するなど、公正な立場を保つ必要があります。盲目的に従う義務はありません。"
103-23-24,4,"宅地建物取引士は、宅地建物取引業の業務に従事するか否かにかかわらず、宅地建物取引士としてふさわしくない行為をしたときは、指示処分を受けることがある。",TRUE,"はい、宅建士としての信用を失墜させるような行為をした場合、たとえ宅建業の業務に従事していなくても、登録している都道府県知事から指示処分や事務禁止処分を受けることがあります。"
103-23-25,1,"宅地建物取引業者は、営業保証金を供託した旨の届出をする前に、宅地建物取引業を開始してはならない。",TRUE,"はい、「免許→営業保証金の供託→免許権者への届出→事業開始」という流れを遵守する必要があります。届出前の事業開始は禁止されています。"
103-23-25,2,"宅地建物取引業者は、事業の開始後、新たに事務所を設置した場合、その事務所の最寄りの供託所に、政令で定める額の営業保証金を供託しなければならない。",FALSE,"営業保証金は、必ず「主たる事務所（本店）の最寄りの供託所」に一括して供託します。新たに設置した支店の最寄りの供託所に供託するわけではありません。"
103-23-25,3,"宅地建物取引業者は、営業保証金の還付により、営業保証金が政令で定める額に不足することとなったときは、国土交通大臣又は都道府県知事から通知書の送付を受けた日から2週間以内にその不足額を供託しなければならない。",TRUE,"はい、これが不足額の供託手続きです。還付があった場合、免許権者からの通知を受けてから2週間以内に、不足した額を供託し、さらにその旨を免許権者に届け出る必要があります。"
103-23-25,4,"宅地建物取引業者でなくなったため営業保証金を取り戻そうとする者は、還付請求権者に対し、6月を下らない一定期間内に申し出るべき旨を公告しなければならない。",TRUE,"はい、廃業等により営業保証金を取り戻す場合、取引の相手方を保護するため、一定期間（6か月以上）の公告手続きを経て、債権の申出がないことを確認する必要があります。"
103-23-26,1,"宅地建物取引業者A社が、その事務所に置く専任の宅地建物取引士Bの氏名を、事務所の公衆の見やすい場所に掲げる標識（業者票）に記載していない場合、A社は宅地建物取引業法に違反する。",TRUE,"はい、業者票には、免許証番号、商号、代表者氏名などに加え、その事務所に置かれている「専任の宅地建物取引士の氏名」を記載しなければなりません。"
103-23-26,2,"宅地建物取引業者A社は、その事務所ごとに、従業者名簿を備え、取引の関係者から請求があったときは、その名簿を閲覧させなければならない。",TRUE,"その通りです。従業者名簿は事務所ごとに備え付け、取引の関係者からプライバシーに関する部分を除いて閲覧の請求があった場合は、これに応じる義務があります。"
103-23-26,3,"宅地建物取引業者A社は、その事務所に、報酬額を掲示している場合でも、依頼者の求めに応じて、重ねて報酬額について説明しなければならない。",FALSE,"報酬額は、事務所の公衆の見やすい場所に掲示する義務があります。掲示していれば、依頼者から求められても、重ねて説明する法律上の義務はありません。ただし、実務上は説明するのが親切です。"
103-23-26,4,"宅地建物取引業者A社は、売買契約の目的物が宅地であるか建物であるかにかかわらず、買主が宅地建物取引業者でない場合、必ず37条書面に代金の支払時期を記載しなければならない。",FALSE,"代金の支払時期は37条書面（契約書）の必要的記載事項ではありません。定めがある場合に記載すればよい任意的記載事項です（宅建業法第37条第1項）。"
103-23-27,1,"宅地建物取引業者は、専属専任媒介契約を締結したときは、媒介契約の相手方が宅地建物取引業者であっても、指定流通機構に物件情報を登録しなければならない。",TRUE,"はい、専属専任媒介契約・専任媒介契約における指定流通機構への登録義務は、相手方が宅建業者であっても免除されません。"
103-23-27,2,"宅地建物取引業者は、宅地の貸借の媒介において、依頼者との間で一般媒介契約を締結した場合、媒介契約書に、登録免許税の額を記載する必要はない。",TRUE,"はい、登録免許税は、所有権移転登記などに関わる税金であり、建物の貸借においては原則として関係ありません。したがって、貸借の媒介契約書への記載は不要です。"
103-23-27,3,"宅地建物取引業者は、宅地の売買の媒介において、依頼者との間で専任媒介契約を締結した場合、2週間に1回以上、業務の処理状況を報告しなければならない。",TRUE,"はい、業務処理状況の報告義務の頻度は、専属専任媒介契約が「1週間に1回以上」、専任媒介契約が「2週間に1回以上」です。"
103-23-27,4,"宅地建物取引業者は、一般媒介契約を締結したときは、遅滞なく、国土交通省令で定める標準媒介契約約款に基づくか否かの別を記載した書面を作成し、依頼者に交付しなければならない。",FALSE,"媒介契約書の作成・交付義務があるのは、宅地建物取引業法第34条の2に規定する「専任媒介契約」及び「専属専任媒介契約」であり、一般媒介契約については、書面の作成・交付義務は法定されていません。"
103-23-28,1,"宅地建物取引業者は、自ら売主として宅地建物取引業者でない買主との間で締結する建物の売買契約において、瑕疵担保責任を負う期間を「引渡しの日から3年間」とする特約を定めることができる。",TRUE,"民法の原則（買主が知った時から1年）よりも買主に不利な特約は無効ですが、「引渡しの日から2年以上」とする特約は有効です。したがって「3年間」とする特約は有効です（宅建業法第40条）。"
103-23-28,2,"宅地建物取引業者は、自ら売主として宅地建物取引業者でない買主との間で締結する宅地の売買契約において、当事者の債務不履行を理由とする契約の解除に伴う損害賠償の予定額を代金の額の3割とし、かつ、違約金を代金の額の3割とする特約を定めることができる。",FALSE,"損害賠償の予定額と違約金を合算した額が、代金の2割を超えてはなりません。このケースでは合計で6割となっており、2割を超える部分は無効となります（宅建業法第38条）。"
103-23-28,3,"宅地建物取引業者は、自ら売主として宅地建物取引業者でない買主との間で建物の割賦販売契約を締結した場合、賦払金の支払義務が履行されないことを理由に契約を解除するには、30日以上の相当の期間を定めて書面で催告しなければならない。",TRUE,"その通りです。これは消費者を保護するための規定であり、即時解除は認められず、30日以上の支払猶予期間を与えた書面による催告が必要です（宅建業法第41条）。"
103-23-28,4,"宅地建物取引業者は、自ら売主として宅地建物取引業者でない買主との間で宅地の売買契約を締結した場合、買主が手付を放棄して契約を解除できる期間を「当事者の一方が契約の履行に着手するまで」ではなく「売主が契約の履行に着手するまで」とする特約を定めることができる。",FALSE,"手付解除の期限について、民法の規定（当事者の一方が履行に着手するまで）よりも買主に不利な特約は無効となります。この特約は、買主が履行に着手しても売主が着手するまでは解除できるという、買主に有利な内容のため有効です。"
103-23-29,1,"宅地建物取引業者が、自ら売主として工事完了前の建物を宅地建物取引業者でない買主に売却する場合、手付金等の保全措置は、当該建物の代金の額の10分の1又は1,000万円のいずれか低い方の額を超える場合に必要となる。",FALSE,"工事完了「前」（未完成物件）の場合の保全措置は、代金の「5%」または1,000万円を超える場合に必要となります。10分の1（10%）は工事完了「後」の物件の基準です。"
103-23-29,2,"宅地建物取引業者が、自ら売主として工事完了後の建物を宅地建物取引業者でない買主に売却する場合、手付金等の保全措置は、当該買主の登記がなされるまで講じなければならない。",TRUE,"はい、保全措置は、買主への所有権移転登記が完了し、買主の権利が完全に保全されるまで講じておく必要があります。"
103-23-29,3,"宅地建物取引業者が、自ら売主として工事完了後の建物を宅地建物取引業者でない買主に売却する場合、銀行による保証の措置を講じたときは、手付金の額は代金の10分の2までという制限を受けない。",FALSE,"手付金等の保全措置を講じたとしても、受領できる手付金の額の上限は、代金の10分の2（20%）です。この制限がなくなるわけではありません。"
103-23-29,4,"宅地建物取引業者が、自ら売主として建物を宅地建物取引業者である買主に売却する場合、手付金等の保全措置を講ずる義務を負わない。",TRUE,"はい、いわゆる8種制限（手付金等保全措置、クーリング・オフなど）は、売主が宅建業者で、買主が宅建業者でない場合に適用されます。買主も宅建業者であるプロ間取引には適用されません。"
103-23-30,1,"宅地建物取引業者は、宅地又は建物の売買、交換又は貸借に関する広告をするときは、実際のものよりも著しく有利であると人を誤認させるような表示をしてはならない。",TRUE,"はい、これは誇大広告等の禁止に関する基本的なルールです。物件の価格、広さ、設備などの品質や取引条件について、著しく事実に相違する表示や、人を誤認させる表示は固く禁じられています（宅建業法第32条）。"
103-23-30,2,"宅地建物取引業者は、建物の貸借の媒介において、取引の相手方等から物件の取引条件について申出があったときは、その申出の内容を偽ってはならない。",TRUE,"はい、その通りです。広告だけでなく、顧客とのやり取りの中で、取引条件（家賃、敷金など）について、故意に事実を告げなかったり、不実のことを告げたりすることは禁止されています（宅建業法第47条）。"
103-23-30,3,"宅地建物取引業者は、建物の売買の媒介において、その建物に設置されている給水施設が故障している事実を知りながら、買主にその旨を告げなかった。",FALSE,"これは「重要な事実の不告知」にあたります。給水施設の故障は、買主の購入判断に重要な影響を及ぼす事項であり、それを知っていて告げない行為は宅建業法違反となります（宅建業法第47条）。"
103-23-30,4,"宅地建物取引業者は、建物の売買の媒介において、買主に対し、手付について貸付けその他信用の供与をすることにより契約の締結を誘引する行為をしてはならない。",TRUE,"はい、これは手付貸与による契約締結誘引の禁止です。安易な契約締結を助長し、後日のトラブルにつながることを防ぐため、手付金の分割払いを認めたり、貸し付けたりする行為は禁止されています（宅建業法第47条）。"
103-23-31,1,"宅地建物取引業者は、建物の貸借の媒介において、建物の引渡しの時期を37条書面に記載する必要はない。",FALSE,"「建物の引渡しの時期」は、売買・交換・貸借のいずれの取引においても、37条書面の必要的記載事項です。必ず記載しなければなりません。"
103-23-31,2,"宅地建物取引業者は、建物の売買の媒介において、移転登記の申請の時期を37条書面に記載する必要がある。",TRUE,"はい、「所有権の移転登記の申請の時期」は、売買・交換の取引における37条書面の必要的記載事項です。"
103-23-31,3,"宅地建物取引業者は、建物の売買の媒介において、宅地建物取引士をして、37条書面に記名押印させなければならないが、買主への交付は、宅地建物取引士でない従業員に行わせることができる。",TRUE,"はい、37条書面の「記名押印」は宅建士の独占業務ですが、「交付」自体は宅建士でない従業員が行っても差し支えありません。"
103-23-31,4,"宅地建物取引業者は、建物の売買の媒介において、買主が宅地建物取引業者である場合、37条書面の交付を省略することができる。",FALSE,"37条書面（契約書面）の交付は、取引の成立を証明する重要な書面であるため、相手方が宅建業者であっても省略することはできません。"
103-23-32,1,"宅地建物取引業者は、宅地の売買の媒介において、当該宅地が造成宅地防災区域内にあるときは、その旨を35条書面に記載して説明しなければならない。",TRUE,"はい、造成宅地防災区域内であるか否かは、宅地の取引における重要事項説明の対象です。"
103-23-32,2,"宅地建物取引業者は、建物の貸借の媒介において、当該建物について、石綿の使用の有無の調査の結果が記録されているときは、その内容を35条書面に記載して説明しなければならない。",TRUE,"はい、建物の貸借においても、石綿調査記録の有無・内容は重要事項説明の対象となります。"
103-23-32,3,"宅地建物取引業者は、中古住宅の売買の媒介において、当該住宅が既存住宅状況調査（インスペクション）を受けている場合、その結果の概要を35条書面に記載して説明しなければならない。",TRUE,"はい、インスペクションの実施の有無、実施している場合はその結果の概要は、中古住宅の売買における重要事項説明の対象です。"
103-23-32,4,"宅地建物取引業者は、建物の売買の媒介において、当該建物の売主が宅地建物取引業者である場合、買主に対して、売主の事務所の所在地を35条書面に記載して説明する必要はない。",FALSE,"売主が宅建業者である場合、その商号（名称）、住所、免許証番号は重要事項説明の対象となります。買主が取引相手の情報を把握するために必要です。"
103-23-33,1,"宅地建物取引業者は、建物の貸借の媒介において、借賃以外に金銭の授受があるときは、その額及び授受の目的を重要事項として説明しなければならない。",TRUE,"はい、敷金、礼金、権利金など、家賃以外に授受される金銭については、その金額と目的を重要事項として説明する必要があります。"
103-23-33,2,"宅地建物取引業者は、建物の貸借の媒介において、契約期間及び契約の更新に関する事項を重要事項として説明しなければならない。",TRUE,"はい、契約期間が何年か、普通借家契約か定期借家契約かなど、契約期間と更新に関するルールは、借主にとって極めて重要なため、説明義務があります。"
103-23-33,3,"宅地建物取引業者は、建物の貸借の媒介において、建物の所有者が誰であるかを重要事項として説明する必要はない。",FALSE,"建物の登記記録に記録された所有者の氏名（名称）は、重要事項説明の対象です。これにより、取引の相手方が真の所有者であるかを確認できます。"
103-23-33,4,"宅地建物取引業者は、建物の貸借の媒介において、台所、浴室、便所その他の当該建物の設備の整備の状況を重要事項として説明しなければならない。",TRUE,"はい、主要な設備の有無や状態は、借主の入居後の生活に直結する重要な情報であるため、説明義務があります。"
103-23-34,1,"宅地建物取引業者は、建物の売買の媒介において、買主に対し、その者が支払うべき報酬の額を重要事項として説明する必要はない。",TRUE,"報酬額は、重要事項説明書（35条書面）の記載事項ではありません。媒介契約締結時や、取引の最終段階で説明・請求されるのが一般的です。ただし、事務所への報酬額の掲示は義務付けられています。"
103-23-34,2,"宅地建物取引業者は、建物の売買の媒介において、買主が宅地建物取引業者である場合、代金及び交換差金に関する金銭の貸借のあっせんの内容について、重要事項として説明する必要はない。",TRUE,"はい、金銭の貸借のあっせん（住宅ローンなど）に関する事項は、相手方が宅建業者である場合は、説明不要とされています。"
103-23-34,3,"宅地建物取引業者は、建物の売買の媒介において、登記された権利の種類及び内容について重要事項として説明しなければならないが、私法上の権利である登記された抵当権については説明しなくてもよい。",FALSE,"登記された権利は、公法上・私法上を問わず、すべて説明の対象です。特に抵当権の有無は、買主の所有権に重大な影響を与えるため、最も重要な説明事項の一つです。"
103-23-34,4,"宅地建物取引業者は、宅地建物取引士をして、建物の売買の媒介に係る重要事項説明を行わせる場合、必ず、売主及び買主双方に、同一の宅地建物取引士が対面で説明しなければならない。",FALSE,"重要事項説明は、宅地建物取引士であれば誰でも行うことができます。売主と買主で別の宅建士が説明しても、また、IT重説を活用しても構いません。必ずしも対面である必要もありません。"
103-23-35,1,"宅地建物取引業者は、その事務所ごとに、公衆の見やすい場所に、国土交通省令の定める標識（業者票）を掲げなければならない。",TRUE,"その通りです。宅建業者は、事務所のほか、事務所以外で契約の申込みを受ける案内所等においても、公衆の見やすい場所に業者票を掲げる義務があります（宅建業法第50条第1項）。"
103-23-35,2,"宅地建物取引業者は、その業務に関する帳簿を各事業年度の末日をもって閉鎖し、閉鎖後5年間当該帳簿を保存しなければならない。",TRUE,"はい、その通りです。ただし、自らが売主となる新築住宅に係るものについては、特例により、帳簿の保存期間は10年間となります（宅建業法第49条）。"
103-23-35,3,"宅地建物取引業者は、その事務所ごとに、従業者名簿を備えなければならないが、宅地建物取引士でない従業者については、これを登載する必要はない。",FALSE,"従業員名簿には、役員や従業員の別、常勤・非常勤の別、宅建士であるか否かを問わず、すべての従業者の情報を記載する必要があります。"
103-23-35,4,"宅地建物取引業者は、売買契約の目的物が宅地であるか建物であるかにかかわらず、買主が宅地建物取引業者でない場合、必ず37条書面に代金の支払時期を記載しなければならない。",FALSE,"代金の支払時期は37条書面（契約書）の必要的記載事項ではありません。定めがある場合に記載すればよい任意的記載事項です（宅建業法第37条第1項）。"
103-23-36,1,"宅地建物取引業者が自ら売主となる事務所等以外の場所でなされた買受けの申込みについて、クーリング・オフによる契約の解除は、買主が書面を発した時にその効力を生ずる。",TRUE,"はい、クーリング・オフの効力は、買主が解除の書面を発信した時（郵便局の消印日など）に発生します（発信主義）。業者がその書面を受け取った時（到達主義）ではありません。"
103-23-36,2,"宅地建物取引業者が自ら売主となる事務所等以外の場所でなされた買受けの申込みについて、買主は、クーリング・オフについて告げられた日から起算して8日を経過した場合でも、契約の解除をすることができる場合がある。",TRUE,"はい、クーリング・オフの期間（8日間）が経過していても、「物件の引渡しを受け、かつ、代金の全額を支払った」という状態になるまでは、買主はクーリング・オフによる解除が可能です。"
103-23-36,3,"宅地建物取引業者が自ら売主となる事務所等以外の場所でなされた買受けの申込みについて、クーリング・オフによる契約の解除があった場合、宅地建物取引業者は、受領した手付金その他の金銭の全額を買主に返還しなければならない。",TRUE,"はい、クーリング・オフが行われた場合、業者は受領した金銭の全額を速やかに返還する義務があり、これに伴う損害賠償や違約金の請求は一切できません。"
103-23-36,4,"宅地建物取引業者が自ら売主となる場合において、買主が、ホテルのロビーで買受けの申込みをし、翌日、売主である宅地建物取引業者の事務所で売買契約を締結したときは、買主は、当該契約についてクーリング・オフによる契約の解除をすることができない。",FALSE,"クーリング・オフの対象となるか否かは、「申込みをした場所」で判断されます。ホテルのロビーは「事務所等以外の場所」にあたるため、たとえ契約を事務所で行ったとしても、クーリング・オフの対象となります。"
103-23-37,1,"宅地建物取引業者は、自ら売主として宅地建物取引業者でない買主との間で締結する売買契約において、瑕疵担保責任（契約不適合責任）を一切負わない旨の特約を定めることができる。",FALSE,"宅建業者が自ら売主となる場合、民法の規定よりも買主に不利となるような契約不適合責任の特約は無効です。一切責任を負わないという特約は、買主に著しく不利なため無効となります（宅建業法第40条）。"
103-23-37,2,"宅地建物取引業者は、自ら売主として宅地建物取引業者でない買主との間で締結する売買契約において、手付金等を受領する場合、保証措置を講じなくてもよい金額の上限は、代金の10%かつ1,000万円である。",TRUE,"はい、その通りです。工事完了後の物件の場合、受領する手付金等が代金の10%以下、かつ1,000万円以下であれば、保全措置は不要です。この基準を超える場合は、銀行等による保証などの措置が必要になります（宅建業法第41条の2）。"
103-23-37,3,"宅地建物取引業者は、自ら売主として宅地建物取引業者でない買主との間で締結する売買契約において、その目的物の引渡しまでに、手付金、中間金等、いかなる名義をもってするかにかかわらず、代金の額の10分の2を超える額の金銭を受領することができない。",FALSE,"受領額の上限は代金の10分の2（20%）ですが、これは手付金等保全措置を講じた場合に受領できる上限額です。保全措置を講じない場合は、そもそも代金の5%（未完成物件）または10%（完成物件）までしか受領できません。"
103-23-37,4,"宅地建物取引業者は、自ら売主としてクーリング・オフによる契約の解除があった場合、受領した手付金その他の金銭の全額を買主に返還しなければならないが、契約解除に伴う損害賠償を請求することはできる。",FALSE,"クーリング・オフによる解除の場合、宅建業者は受領した金銭の全額を速やかに返還する義務があり、それに伴う損害賠償や違約金の請求は一切できません（宅建業法第37条の2）。"
103-23-38,1,"宅地建物取引業者は、宅地の売買の媒介において、依頼者から受領する金銭の合計額が、消費税込みの売買代金の3%に6万円を加えた額を超える報酬を受領することはできない。",TRUE,"はい、これが400万円を超える物件の売買・交換の媒介における報酬額の上限計算式です。（代金 × 3% + 6万円）+ 消費税。この上限を超えて報酬を受領することはできません。"
103-23-38,2,"宅地建物取引業者は、居住用建物の貸借の媒介において、依頼者の一方から受領する報酬の額は、借賃の1か月分の0.55倍に相当する額以内でなければならない。ただし、依頼者の承諾を得ている場合は、借賃の1.1倍に相当する額以内の報酬を受領できる。",TRUE,"はい、これが居住用建物の貸借の媒介における報酬の原則です。依頼者双方から受領する合計額が借賃の1.1倍以内、かつ、一方からは原則0.55倍以内となります。承諾があれば、一方から1.1倍以内の報酬を受領することも可能です。"
103-23-38,3,"宅地建物取引業者は、建物の貸借の媒介において、権利金の授受がある場合、その権利金の額を売買代金の額とみなして、報酬の額を計算することができる。",TRUE,"はい、権利金（返還されない一時金）の授受がある場合、その額を売買代金とみなして、売買の報酬上限額を計算することが認められています。ただし、居住用建物の場合は、この規定の適用はありません。"
103-23-38,4,"宅地建物取引業者は、建物の売買の媒介において、通常の媒介契約と比較して、現地調査等の費用が著しく多くかかった場合、国土交通大臣が定める報酬の額を超えて、その費用を依頼者に請求することができる。",FALSE,"通常の媒介業務に伴う現地調査や広告費用は、上限報酬額に含まれています。これを超えて請求することはできません。ただし、依頼者の特別な依頼に基づき発生した実費（遠隔地の出張旅費など）については、事前に依頼者の承諾を得ていれば、別途請求することが可能です。"
103-23-39,1,"宅地建物取引業保証協会は、その社員である宅地建物取引業者と宅地建物取引業に関し取引をしたことにより生じた債権を有する者から、弁済を受けることができる。",TRUE,"はい、これが保証協会の弁済業務の基本的な仕組みです。一般の消費者は、取引した相手が保証協会の社員であれば、トラブルが生じた際に、協会に対して一定の限度額まで弁済を求めることができます。"
103-23-39,2,"宅地建物取引業保証協会の社員は、協会から還付充当金の納付の通知を受けた日から2週間以内にその額を協会に納付しないときは、社員の地位を失う。",TRUE,"はい、還付が行われた後、その穴埋めである還付充当金を納付しないことは重大な義務違反であり、社員の地位を失う（除名される）ことになります。"
103-23-39,3,"宅地建物取引業保証協会の社員は、弁済業務保証金分担金を金銭で納付しなければならず、有価証券で納付することはできない。",TRUE,"はい、営業保証金は金銭または国債証券等の有価証券で供託できますが、保証協会に納付する弁済業務保証金分担金は、金銭（現金）で納付する必要があります。"
103-23-39,4,"宅地建物取引業保証協会に加入しようとする宅地建物取引業者は、その加入の日から2週間以内に、弁済業務保証金分担金を納付しなければならない。",FALSE,"分担金は、協会に「加入しようとする日まで」に納付する必要があります。「加入後」ではありません。納付して初めて社員の地位を取得できます。"
103-23-40,1,"住宅瑕疵担保履行法によれば、自ら売主として新築住宅を宅地建物取引業者でない買主に引き渡した宅地建物取引業者は、基準日（毎年3月31日）から3週間以内に、資力確保措置の状況を免許権者に届け出なければならない。",TRUE,"はい、新築住宅の売主である宅建業者は、瑕疵担保責任を履行するための資力確保（保険への加入または保証金の供託）が義務付けられており、その状況を年1回、基準日から3週間以内に届け出る必要があります。"
103-23-40,2,"住宅瑕疵担保履行法によれば、自ら売主として新築住宅を宅地建物取引業者である買主に引き渡した宅地建物取引業者は、住宅販売瑕疵担保保証金の供託又は住宅販売瑕疵担保責任保険契約の締結を行う義務を負わない。",TRUE,"その通りです。この法律は、資力の乏しい一般消費者を保護する目的があるため、買主が宅建業者であるプロ間取引の場合は、資力確保措置の義務は適用されません。"
103-23-40,3,"住宅瑕疵担保履行法によれば、住宅販売瑕疵担保責任保険契約を締結した宅地建物取引業者は、当該住宅を引き渡した買主に対し、保険証券又はこれに代わる書面を交付しなければならない。",TRUE,"はい、買主が瑕疵を発見した際に、直接保険法人に保険金を請求できるようにするため、保険証券等の交付が義務付けられています。"
103-23-40,4,"住宅瑕疵担保履行法によれば、新築住宅とは、「新たに建設された住宅で、まだ人の居住の用に供されたことのないもの」をいい、建設工事の完了の日から起算して2年を経過したものは含まれない。",FALSE,"新築住宅の定義は、「人の居住の用に供されたことのないもの」で、かつ「建設工事の完了の日から起算して1年を経過しないもの」です。2年ではなく1年です。"
103-23-41,1,"宅地建物取引業者は、その業務に従事する従業者に、その業務に従事することを証する従業者証明書を携帯させなければならず、取引の関係者から請求があったときは、これを提示しなければならない。",TRUE,"はい、これは基本的な義務です。従業者は常に従業者証明書を携帯し、顧客等から請求があればいつでも提示できるようにしておかなければなりません（宅建業法第48条）。"
103-23-41,2,"宅地建物取引業者は、その事務所ごとに、業務に関する帳簿を備え付け、取引のあった年月日、取引に係る宅地建物の所在及び面積等を記載しなければならない。",TRUE,"その通りです。取引の記録を明確にするため、法定の事項を記載した帳簿を作成し、各事業年度の末日で閉鎖してから5年間（新築住宅の売主の場合は10年間）保存する義務があります（宅建業法第49条）。"
103-23-41,3,"宅地建物取引業者は、その主たる事務所に、成年者である専任の宅地建物取引士を置かなければならないが、従たる事務所には置かなくてもよい。",FALSE,"主たる事務所だけでなく、従たる事務所（支店など）においても、必ず1名以上の成年者である専任の宅地建物取引士を置かなければなりません（宅建業法第31条の3）。"
103-23-41,4,"宅地建物取引業者は、業務上取り扱ったことについて知り得た秘密を、正当な理由がある場合でなければ、他に漏らしてはならない。この義務は、その宅地建物取引業を営まなくなった後においても同様である。",TRUE,"はい、これは守秘義務に関する規定です。宅建業者およびその従業員は、業務上知り得た秘密を漏らしてはならず、この義務は廃業後や退職後も継続します（宅建業法第45条、第75条の2）。"
103-23-42,1,"宅地建物取引業者が建物の貸借の媒介を行う場合、当該建物が津波災害警戒区域内にあるときは、その旨を重要事項として説明しなければならない。",TRUE,"はい、水防法および津波防災地域づくりに関する法律の改正により、対象物件がこれらのハザードエリア内に位置するかどうかは、売買・交換・貸借のいずれの取引においても、重要事項説明の対象となります。"
103-23-42,2,"宅地建物取引業者が建物の売買の媒介を行う場合、私道に関する負担について説明する必要があるが、私道が建築基準法上の道路であるか否かにかかわらず、その負担の内容を説明すればよい。",FALSE,"私道に関する負担だけでなく、その私道が建築基準法上の道路として認められているか否か（再建築可能か）は、土地の価値を左右する極めて重要な事項であり、説明が必要です。"
103-23-42,3,"宅地建物取引業者が建物の売買の媒介を行う場合、当該建物の耐震診断の記録があるときは、その内容を説明しなければならないが、記録がない場合に、その旨を説明する必要はない。",FALSE,"耐震診断の記録がある場合はその内容を、記録がない場合は「記録がない」という事実を説明する必要があります。有るか無いか、そのものを説明することが義務です。"
103-23-42,4,"宅地建物取引業者が自ら売主として建物の売買を行う場合、代金以外の金銭の授受の定めがあるときは、その額及び授受の目的を説明しなければならないが、その金銭の保全措置の概要については説明しなくてもよい。",FALSE,"手付金等の保全措置を講じる場合は、その措置の概要（保証委託契約、保険契約など）についても、重要事項として説明する必要があります。"
103-23-43,1,"宅地建物取引業者は、宅地建物取引業者でない個人との間で、媒介契約を締結しようとするときは、その者が他の宅地建物取引業者に重ねて媒介を依頼することができる一般媒介契約であるか、できない専任媒介契約であるかの別を明らかにしなければならない。",TRUE,"はい、依頼者が媒介契約の種類を正しく理解して選択できるよう、一般媒介か専任媒介（専属専任を含む）かの別を明確に示し、選択させる必要があります。"
103-23-43,2,"宅地建物取引業者は、宅地の売買の媒介の依頼を受けた場合、依頼者に対し、当該宅地の価格について意見を述べるときは、その根拠を明らかにしなければならない。",TRUE,"はい、宅建業者が査定価格などの意見を述べる際は、単に金額を提示するだけでなく、取引事例比較法などの合理的な方法に基づいた客観的な根拠を示す義務があります（価格査定の根拠明示義務）。"
103-23-43,3,"宅地建物取引業者は、媒介契約を締結したときは、遅滞なく、媒介契約の内容を記載した書面を作成し、依頼者に交付しなければならない。",FALSE,"媒介契約書の作成・交付義務があるのは、宅地建物取引業法第34条の2に規定する「専任媒介契約」及び「専属専任媒介契約」であり、一般媒介契約については、書面の作成・交付義務は法定されていません。"
103-23-43,4,"宅地建物取引業者は、専任媒介契約を締結したときは、依頼者に対し、その業務の処理状況を1週間に1回以上報告しなければならない。",FALSE,"業務処理状況の報告義務の頻度は、専属専任媒介契約が「1週間に1回以上」、専任媒介契約が「2週間に1回以上」です。"
103-23-44,1,"宅地建物取引業者は、自ら売主として宅地の売買契約を締結した場合、その相手方が宅地建物取引業者であっても、遅滞なく、37条書面を交付しなければならない。",TRUE,"はい、37条書面（契約書面）の交付義務は、取引の当事者を明確にするため、相手方が宅建業者であっても省略することはできません。"
103-23-44,2,"宅地建物取引業者は、建物の貸借の媒介において、37条書面を作成したときは、宅地建物取引士をして、当該書面に記名押印させなければならない。",TRUE,"はい、37条書面への宅建士の記名押印は、売買・交換・貸借の別を問わず、すべての取引において必要です。"
103-23-44,3,"宅地建物取引業者は、建物の売買の媒介において、天災その他不可抗力による損害の負担に関する定めがあるときは、その内容を37条書面に記載しなければならない。",TRUE,"はい、これは危険負担に関する定めであり、当事者間の合意がある場合は、37条書面に記載すべき任意的記載事項です。"
103-23-44,4,"宅地建物取引業者は、自ら売主として宅地建物取引業者でない個人と宅地の売買契約を締結した場合、37条書面の交付に先立ち、35条書面を交付しなければならない。",TRUE,"はい、契約内容を決定する前提として、物件や取引条件に関する重要事項を説明するのが35条書面の趣旨です。したがって、必ず「35条書面（重説）→37条書面（契約）」の順で手続きを進める必要があります。"
103-23-45,1,"宅地建物取引業者は、その業務に従事する従業者に、その業務に従事することを証する従業者証明書を携帯させなければならず、取引の関係者から請求があったときは、これを提示しなければならない。",TRUE,"はい、これは基本的な義務です。従業者は常に従業者証明書を携帯し、顧客等から請求があればいつでも提示できるようにしておかなければなりません（宅建業法第48条）。"
103-23-45,2,"宅地建物取引業者は、その事務所ごとに、業務に関する帳簿を備え付け、取引のあった年月日、取引に係る宅地建物の所在及び面積等を記載しなければならない。",TRUE,"その通りです。取引の記録を明確にするため、法定の事項を記載した帳簿を作成し、各事業年度の末日で閉鎖してから5年間（新築住宅の売主の場合は10年間）保存する義務があります（宅建業法第49条）。"
103-23-45,3,"宅地建物取引業者は、その主たる事務所に、成年者である専任の宅地建物取引士を置かなければならないが、従たる事務所には置かなくてもよい。",FALSE,"主たる事務所だけでなく、従たる事務所（支店など）においても、必ず1名以上の成年者である専任の宅地建物取引士を置かなければなりません（宅建業法第31条の3）。"
103-23-45,4,"宅地建物取引業者は、業務上取り扱ったことについて知り得た秘密を、正当な理由がある場合でなければ、他に漏らしてはならない。この義務は、その宅地建物取引業を営まなくなった後においても同様である。",TRUE,"はい、これは守秘義務に関する規定です。宅建業者およびその従業員は、業務上知り得た秘密を漏らしてはならず、この義務は廃業後や退職後も継続します（宅建業法第45条、第75条の2）。"
104-23-46,1,"個人の居住用財産の譲渡所得の3,000万円特別控除は、譲渡した家屋や敷地の所有期間が、譲渡した年の1月1日において5年を超えていることが適用の要件である。",FALSE,"3,000万円特別控除には、所有期間の長短は要件とされていません。所有期間が要件となるのは、軽減税率の特例（10年超所有）や、買換えの特例などです。"
104-23-46,2,"譲渡した家屋に自己が居住しなくなった日から3年を経過する日の属する年の12月31日までに譲渡すれば、居住用財産の3,000万円特別控除の適用を受けることができる。",TRUE,"はい、現在住んでいなくても、住まなくなった日から3年後の年末までに譲渡すれば、この特例の対象となります。"
104-23-46,3,"居住用財産の3,000万円特別控除と、所有期間が10年を超える居住用財産を譲渡した場合の軽減税率の特例は、重複して適用を受けることができない。",FALSE,"この2つの特例は、要件を満たseば併用することが可能です。3,000万円を控除した後の課税譲渡所得に対して、軽減税率が適用されます。"
104-23-46,4,"居住用財産をその配偶者に譲渡した場合は、居住用財産の3,000万円特別控除の適用を受けることができる。",FALSE,"配偶者や直系血族、生計を一つにする親族など、特殊な関係がある者への譲渡は、この特例の適用対象外です。"
104-23-47,1,"不動産取得税は、家屋が新築されたが、まだ登記が行われていない場合でも課税される。",TRUE,"不動産取得税は、登記の有無にかかわらず、不動産を「取得」したという事実に基づいて課税されます。これを実質課税の原則といいます。"
104-23-47,2,"不動産取得税は、不動産の価格を課税標準として課されるが、宅地の取得に係る課税標準は、当該宅地の価格の2分の1の額とされる。",TRUE,"はい、宅地を取得した場合の課税標準については、固定資産税評価額の2分の1とする特例措置が講じられています。"
104-23-47,3,"不動産取得税は、都道府県が課税する税金であるが、その徴収は、市町村が都道府県から委任を受けて行う。",TRUE,"その通りです。不動産取得税は都道府県税ですが、賦課徴収の事務は、住民に身近な市町村に委任されています。"
104-23-47,4,"床面積250㎡の居住用の中古住宅を取得した場合、不動産取得税の課税標準からの控除を受けることはできない。",FALSE,"中古住宅の控除（新築年月日によって控除額は異なる）を受けるための床面積要件は、50㎡以上240㎡以下です。したがって、250㎡のこの住宅は床面積要件を満たさないため、控除は受けられません。"
104-23-48,1,"固定資産税は、市町村が課税する税金であり、その納税義務者は、毎年1月1日現在の固定資産の所有者として固定資産課税台帳に登録されている者である。",TRUE,"はい、これが固定資産税の納税義務者の定義です。年の途中で売買があっても、納税義務者は1月1日時点の所有者のままです（賦課期日主義）。"
104-23-48,2,"固定資産税の課税標準となるべき価格（固定資産税評価額）は、3年ごとに評価替えが行われる。",TRUE,"はい、原則として、3年に一度の「基準年度」に、土地・家屋の評価額が見直されます。"
104-23-48,3,"住宅用地については、その面積にかかわらず、固定資産税の課税標準の特例が適用され、課税標準が価格の3分の1とされる。",FALSE,"課税標準の特例は、住宅1戸あたり200㎡までの部分（小規模住宅用地）は価格の6分の1、それを超える部分（一般住宅用地）は価格の3分の1とされています。面積にかかわらず、ではありません。"
104-23-48,4,"固定資産税の納税義務者は、その納付すべき固定資産税額の算定に用いられた価格に不服がある場合でも、固定資産評価審査委員会に審査の申出をすることはできない。",FALSE,"価格に不服がある場合は、納税者は、固定資産課税台帳の縦覧期間の初日から納税通知書の交付を受けた日後3か月を経過する日までの間に、固定資産評価審査委員会に審査の申出をすることができます。"
104-23-49,1,"地価公示法によれば、公示区域内の土地について鑑定評価を行う不動産鑑定士は、公示価格を規準としなければならない。",TRUE,"はい、その通りです。不動産鑑定士が公示区域内の土地を評価する場合、その土地の正常な価格を求める際には、公示価格を基準として評価することが義務付けられています。これにより、適正な地価形成が図られます。"
104-23-49,2,"不動産の鑑定評価によれば、不動産の価格を求める鑑定評価の手法は、原価法、取引事例比較法及び収益還元法の3手法に大別される。",TRUE,"はい、これが不動産鑑定評価の基本となる3手法です。実際の評価では、これらの手法を併用して多角的に価格を分析し、最終的な鑑定評価額を決定します。"
104-23-49,3,"不動産の鑑定評価によれば、収益還元法のうちDCF法は、連続する複数の期間に発生する純収益及び復帰価格を、その発生時期に応じて現在価値に割り引き、それらを合計して試算価格を求める手法である。",TRUE,"はい、DCF法（Discounted Cash Flow法）の的確な説明です。将来のキャッシュフローを予測し、それを割引率を用いて現在価値に換算することで、不動産の収益性に基づいた価格を求めます。"
104-23-49,4,"不動産鑑定評価基準では、不動産の鑑定評価によって求める価格は、基本的には正常価格であるが、特定価格、限定価格、特殊価格を求める場合もある。",TRUE,"その通りです。市場性を有する不動産について、現実の社会経済情勢の下で合理的と考えられる条件を満たす市場で形成されるであろう市場価値を表示する価格（正常価格）が基本ですが、依頼目的や条件に応じて、それ以外の価格を求めることもあります。"
104-23-50,1,"住宅金融支援機構は、貸付けを受けた者が経済情勢の著しい変動に伴い元利金の支払が著しく困難となった場合には、貸付けの条件の変更又は元利金の支払方法の変更をすることができる。",TRUE,"はい、機構には、返済困難者に対する返済条件の変更（返済期間の延長など）といったセーフティネット機能があります。"
104-23-50,2,"住宅金融支援機構の証券化支援事業（買取型）は、民間金融機関の住宅ローン債権を機構が譲り受け、それを担保として資産担保証券（MBS）を発行し、投資家に販売する仕組みである。",TRUE,"はい、これが「フラット35」の基本的な仕組みです。民間金融機関は貸倒れリスクを負うことなく、長期固定金利の住宅ローンを提供できます。"
104-23-50,3,"住宅金融支援機構は、子どもを育成する家庭又は高齢者世帯に適した良好な居住性能を有する賃貸住宅の建設に必要な資金の貸付けを業務として行っている。",TRUE,"はい、機構は、良質なファミリー向け賃貸住宅やサービス付き高齢者向け住宅などの建設・改良資金について、賃貸住宅融資を行っています。"
104-23-50,4,"住宅金融支援機構は、証券化支援事業（買取型）において、債務者が借り入れる住宅ローンの対象となる住宅に、床面積による制限を設けていない。",FALSE,"フラット35の対象となる住宅には、床面積の要件があります。一戸建ての場合は70㎡以上、マンションの場合は30㎡以上と定められています。"